snp_as_CHROM--POS	snp_short_name
scaffold1060|size1239554--1066336	climate_01
scaffold16|size2589160--248135	climate_10
scaffold1655|size138967--68765	climate_11
scaffold1713|size83011--50318	climate_12
scaffold1743|size121722--92236	climate_13
scaffold187|size1931383--747380	climate_14
scaffold247|size2371522--283574	climate_15
scaffold322|size1131127--509021	climate_16
scaffold34|size3740991--1438630	climate_17
scaffold406|size580191--218897	climate_18
scaffold518|size600044--5351	climate_19
scaffold113|size1526484--1253923	climate_02
scaffold520|size1094406--1062981	climate_20
scaffold527|size1067160--540742	climate_21
scaffold605|size788243--114130	climate_22
scaffold630|size906685--889286	climate_23
scaffold91|size2966241--1049941	climate_24
scaffold1222|size288430--119038	climate_03
scaffold135|size1941959--1831306	climate_04
scaffold141|size962631--663847	climate_05
scaffold1433|size205388--71220	climate_06
scaffold1435|size109650--40991	climate_07
scaffold147|size910788--866449	climate_08
scaffold157|size2224338--320091	climate_09
scaffold28|size2823434--1892394	ada_ext_1
scaffold23|size2178997--1748592	ada_tra_1
scaffold26|size2357266--1831784	WM_Kern_1
scaffold70|size1330859--250988	WM_SD_1
scaffold27|size3997909--2313808	ext_pure_SD_1
scaffold761|size885847--542576	Ada_NS_1
scaffold135|size1941959--1193205	ada_Kern_1
scaffold1319|size131266--107716	ada_WM_1
scaffold449|size826340--787269	brew_tra_1
scaffold819|size405531--313357	ext_tra_1
scaffold2|size4533513--2574844	tra_EW_1
scaffold763|size302500--121873	ada_WM_2
scaffold106|size2091409--358640	brew_ext_1
scaffold282|size975252--798925	WM_SD_2
scaffold321|size1084243--40283	WM_SD_3
scaffold1129|size175808--76074	ext_tra_2
scaffold597|size822913--520870	tra_EW_2
scaffold733|size745334--542930	tra_EW_3
scaffold47|size1546949--597528	ada_brew_1
scaffold574|size890810--413678	ext_pure_SD_2
scaffold2526|size41326--20840	ada_WM_3
scaffold426|size1138770--614609	ada_WM_4
scaffold405|size801240--146251	brew_NS_1
scaffold22|size5013007--4313412	WM_ext_1
scaffold235|size1242204--446098	Ada_NS_2
scaffold39|size2480183--984988	WM_Kern_2
scaffold31|size1920502--974288	ext_pure_SD_3
scaffold1129|size175808--57771	ext_tra_3
scaffold212|size762246--508412	tra_EW_4
scaffold14|size4059594--3671420	Kern_SD_1
scaffold1568|size97190--90156	ada_WM_5
scaffold23|size2178997--1730814	ada_tra_2
scaffold579|size954524--827611	brew_Kern_1
scaffold37|size1818073--714564	brew_tra_2
scaffold177|size1754471--1271391	ada_WM_6
scaffold527|size1067160--420557	WM_ext_2
scaffold1006|size252274--136397	Ada_NS_3
scaffold882|size376633--227365	brew_Kern_2
scaffold969|size425790--357236	brew_ext_2
scaffold685|size505991--43776	brew_tra_3
scaffold226|size936269--367188	brew_NS_2
scaffold240|size1935192--1665156	brew_NS_3
scaffold1283|size300302--205703	tra_EW_5
scaffold22|size5013007--1228893	WM_Kern_3
scaffold455|size476776--23457	WM_SD_4
scaffold471|size1368335--421209	WM_SD_5
scaffold415|size763157--593508	Ada_NS_4
scaffold16|size2589160--1281537	ext_pure_Kern_1
scaffold140|size1466565--406249	ada_brew_2
scaffold43|size1863611--234469	ext_tra_4
scaffold351|size1117198--103070	brew_Kern_3
scaffold212|size762246--758183	tra_EW_6
scaffold15|size5535645--274256	ada_brew_3
scaffold657|size717538--177254	ada_Kern_2
scaffold144|size1428860--443836	ext_pure_Kern_2
scaffold221|size740363--444937	tra_EW_7
scaffold1615|size88005--63016	Ada_NS_5
scaffold740|size344948--327669	brew_tra_4
scaffold363|size828163--277380	ext_tra_5
scaffold65|size4453928--4163492	tra_EW_8
scaffold194|size798623--243164	ada_ext_2
scaffold13|size3042203--631407	WM_Kern_4
scaffold1273|size490713--162253	Ada_NS_6
scaffold444|size1099390--639627	Ada_NS_7
scaffold4|size3804566--2965194	Kern_SD_2
scaffold65|size4453928--825590	brew_ext_3
scaffold40|size2234952--2074017	Ada_NS_8
scaffold155|size2260171--712214	tra_EW_9
scaffold343|size799674--749023	ext_pure_Kern_3
scaffold780|size295419--41185	WM_Kern_5
scaffold74|size2480735--258173	ada_Kern_3
scaffold398|size1781980--414888	ada_ext_3
scaffold1591|size132724--55797	ext_pure_SD_4
scaffold182|size1009393--179491	brew_ext_4
scaffold47|size1546949--553028	WM_Kern_6
scaffold236|size2090792--381638	brew_Kern_4
scaffold149|size904812--428419	WM_ext_3
scaffold155|size2260171--960750	Ada_NS_9
scaffold685|size505991--339711	brew_tra_5
scaffold2|size4533513--4521962	ada_ext_4
scaffold1102|size184380--125163	ext_pure_Kern_4
scaffold1310|size247655--42098	ext_pure_Kern_5
scaffold642|size393756--285208	WM_Kern_7
scaffold616|size383281--375887	Ada_NS_10
scaffold685|size505991--222672	brew_tra_6
scaffold683|size364172--9404	ada_ext_5
scaffold184|size927826--205066	brew_NS_4
scaffold39|size2480183--806553	brew_NS_5
scaffold487|size479533--372024	brew_NS_6
scaffold633|size372093--321811	brew_NS_7
scaffold745|size721762--205303	brew_NS_8
scaffold1132|size609636--154102	WM_ext_4
scaffold1727|size69669--5290	WM_ext_5
scaffold217|size1918799--290377	ext_pure_Kern_6
scaffold86|size2944007--1190580	ext_pure_Kern_7
scaffold520|size1094406--1090372	ada_ext_6
scaffold862|size387690--369878	ext_pure_SD_5
scaffold72|size2462915--1777315	ada_brew_4
scaffold2|size4533513--483049	WM_ext_6
scaffold226|size936269--649314	ext_pure_Kern_8
scaffold13|size3042203--2494470	Kern_SD_3
scaffold139|size1643147--1515913	Kern_SD_4
scaffold184|size927826--39400	Kern_SD_5
scaffold286|size1162393--807521	Kern_SD_6
scaffold343|size799674--413363	Kern_SD_7
scaffold144|size1428860--412887	ext_pure_Kern_9
scaffold2016|size42655--28604	brew_tra_7
scaffold223|size1722714--512747	brew_ext_5
scaffold135|size1941959--97064	brew_tra_8
scaffold262|size680716--544307	ada_ext_7
scaffold12|size2584012--1685287	brew_tra_9
scaffold168|size1726349--1229973	ada_brew_5
scaffold248|size1534464--922359	ada_ext_8
scaffold902|size247835--8382	ext_tra_6
scaffold59|size1551110--1054102	ada_brew_6
scaffold122|size1458747--139274	ada_Kern_4
scaffold619|size634076--330068	brew_NS_9
scaffold748|size532870--327124	brew_ext_6
scaffold1476|size153177--25433	ext_tra_7
scaffold2|size4533513--4036677	brew_ext_7
scaffold22|size5013007--676086	ada_ext_9
scaffold476|size613836--245711	brew_ext_8
scaffold550|size796879--550473	ada_brew_7
scaffold722|size395592--196856	ada_tra_3
scaffold1236|size281543--153250	brew_ext_9
scaffold236|size2090792--1889654	ada_brew_8
scaffold79|size2606397--333804	ada_ext_10
scaffold483|size1218004--935479	ada_tra_4
scaffold101|size1699134--364887	brew_ext_10
scaffold1387|size224635--211516	brew_ext_11
scaffold1392|size131462--122932	ada_brew_9
scaffold885|size433544--127878	ada_ext_11
scaffold434|size946695--360533	ext_tra_8
scaffold827|size534266--518899	brew_ext_12
scaffold2107|size41527--33509	ext_tra_9
scaffold64|size1360303--1226680	ada_brew_10
scaffold560|size1140492--330298	ada_ext_12
scaffold526|size440949--275866	brew_tra_10
scaffold491|size805508--114374	ada_brew_11
scaffold1429|size110221--29745	brew_ext_13
scaffold6|size4315531--3315819	ext_tra_10
scaffold195|size1760703--729161	ada_tra_5
scaffold189|size1549363--92467	brew_tra_11
scaffold186|size1492175--406729	ada_brew_12
scaffold1035|size206130--110619	ext_tra_11
scaffold919|size245653--242852	brew_tra_12
scaffold415|size763157--100919	ada_brew_13
scaffold383|size710549--445834	brew_tra_13
scaffold22|size5013007--3160995	brew_ext_14
scaffold342|size1861417--1191331	ext_tra_12
scaffold383|size710549--704656	brew_tra_14
scaffold81|size2596050--1038155	ada_ext_13
scaffold974|size269015--155940	brew_tra_15
scaffold1764|size158975--91890	ada_brew_14
scaffold767|size301186--281840	brew_ext_15
scaffold1448|size107159--55882	ada_tra_6
scaffold631|size1259156--1062623	brew_tra_16
scaffold1606|size84157--26684	ada_brew_15
scaffold1078|size286220--102070	ada_ext_14
scaffold50|size1795014--436969	ada_ext_15
scaffold298|size702513--685144	ada_ext_16
scaffold432|size744455--438775	brew_ext_16
scaffold93|size1158651--797768	ada_ext_17
scaffold292|size1342341--678398	ada_brew_16
scaffold345|size607713--38773	ada_brew_17
scaffold334|size599637--389006	ada_brew_18
scaffold284|size1552100--1143269	ext_tra_13
scaffold854|size264813--207700	ada_brew_19
scaffold565|size409173--145037	ada_brew_20
scaffold44|size1908036--1365854	ext_tra_14
scaffold931|size327931--74348	ada_brew_21
scaffold219|size747757--300501	ext_tra_15
scaffold1296|size145063--76502	ext_tra_16
scaffold272|size679582--355362	ada_brew_22
scaffold47|size1546949--1390056	ext_tra_17
scaffold19|size3308961--570597	ada_brew_23
scaffold1138|size371499--154211	ext_tra_18
scaffold472|size658359--574584	ada_brew_24
scaffold108|size1079785--756377	ada_brew_25
scaffold136|size1122602--597024	ada_brew_26
scaffold770|size447908--308801	ada_brew_27
scaffold908|size245805--48070	ada_brew_28
scaffold37|size1818073--299595	ada_brew_29
scaffold383|size710549--651557	ada_brew_30
scaffold446|size905785--780559	ada_brew_31
scaffold151|size923898--367686	ada_brew_32
