Chip Run Info,Z:\kcr_home\Box Sync\SNPtype Analysis\WIFL_Test_Panels\TestPanel2\WIFL_Plate10_TestPanel2_03092017_WLscored\ChipRun.bml,1382314107,96.96 (138x),,ROX,SNPtype-FAM : SNPtype-HEX,3/8/2017 10:31:39 PM,00:01:00,EP1-50153
Application Version,4.1.3
Application Build,20140305.1505
Export Type,Call Map Results : Inlet-based View,Standard
Number of Combined Chip Runs,1,9216
Confidence Threshold,65.00
Normalization Method,SNPtype Normalization
Allele Probe Type Mapping,Allele X,SNPtype-FAM
Allele Probe Type Mapping,Allele Y,SNPtype-HEX
Allele Axis Mapping,Allele X,X
Allele Axis Mapping,Allele Y,Y


SNP Calls
,,01,02,03,04,05,06,07,08,09,10,11,12,13,14,15,16,17,18,19,20,21,22,23,24,25,26,27,28,29,30,31,32,33,34,35,36,37,38,39,40,41,42,43,44,45,46,47,48,49,50,51,52,53,54,55,56,57,58,59,60,61,62,63,64,65,66,67,68,69,70,71,72,73,74,75,76,77,78,79,80,81,82,83,84,85,86,87,88,89,90,91,92,93,94,95,96
,,brew_tra_14,brew_tra_7,climate_08,climate_16,climate_24,ext_pure_Kern_8,ext_tra_10,ext_tra_3,Kern_SD_2,tra_EW_4,WM_ext_3,WM_Kern_5,brew_tra_15,brew_tra_8,climate_09,climate_17,ext_pure_Kern_1,ext_pure_Kern_9,ext_tra_11,ext_tra_4,Kern_SD_3,tra_EW_5,WM_ext_4,WM_Kern_6,brew_tra_16,brew_tra_9,climate_10,climate_18,ext_pure_Kern_2,ext_pure_SD_1,ext_tra_12,ext_tra_5,Kern_SD_4,tra_EW_6,WM_ext_5,WM_Kern_7,brew_tra_2,climate_01,climate_11,climate_19,ext_pure_Kern_3,ext_pure_SD_2,ext_tra_13,ext_tra_6,Kern_SD_5,tra_EW_7,WM_ext_6,WM_SD_1,brew_tra_3,climate_02,climate_12,climate_20,ext_pure_Kern_4,ext_pure_SD_3,ext_tra_14,ext_tra_7,Kern_SD_7,tra_EW_8,WM_Kern_1,WM_SD_2,brew_tra_4,climate_03,climate_13,climate_21,ext_pure_Kern_5,ext_pure_SD_4,ext_tra_15,ext_tra_8,tra_EW_1,tra_EW_9,WM_Kern_2,WM_SD_3,brew_tra_5,climate_04,climate_14,climate_22,ext_pure_Kern_6,ext_pure_SD_5,ext_tra_16,ext_tra_9,tra_EW_2,WM_ext_1,WM_Kern_3,WM_SD_4,brew_tra_6,climate_06,climate_15,climate_23,ext_pure_Kern_7,ext_tra_1,ext_tra_2,Kern_SD_1,tra_EW_3,WM_ext_2,WM_Kern_4,WM_SD_5
01,2240-94365,XY,XX,No Call,No Call,YY,XY,YY,XY,XX,XX,XY,XY,YY,XX,XY,XY,XY,YY,XY,XX,YY,XX,XX,XX,XY,XX,XY,XX,XX,XX,YY,XX,YY,XY,XY,YY,XX,XX,YY,XX,YY,YY,XX,XY,XX,XY,YY,XY,XY,XX,XX,XX,XX,XX,XX,XY,No Call,XY,YY,YY,XY,YY,XX,XX,YY,XX,XY,XY,YY,XX,XY,XY,XX,YY,YY,YY,XX,XX,XY,YY,YY,YY,No Call,YY,XY,XX,XY,XX,XX,XY,XY,XX,XY,YY,YY,XX
02,2240-94367,XX,XX,No Call,No Call,XX,YY,YY,XX,XX,YY,XX,XX,YY,XY,XX,XY,XX,YY,XX,XY,YY,XX,XY,XX,YY,XX,XX,XX,YY,XX,XX,YY,YY,XX,YY,XY,YY,XX,XY,XX,YY,XY,XX,YY,XX,XX,XX,YY,XX,XY,XX,XX,XY,XY,XX,XX,No Call,XX,XX,YY,YY,YY,XX,XX,YY,XX,XY,XY,XX,XX,XX,YY,XY,XY,YY,YY,XX,XX,XY,YY,YY,XY,No Call,XX,XX,XY,XY,XX,XY,XX,XX,XY,XX,XX,XY,XX
03,2240-94395,XX,XX,No Call,No Call,YY,XY,YY,XX,XX,XX,XX,YY,XY,XY,YY,YY,XY,YY,XX,YY,XY,XY,XX,XX,XY,XX,XY,XX,XY,XX,XY,YY,YY,YY,XX,XX,YY,XX,XY,XX,XY,YY,XX,YY,XY,XY,YY,YY,YY,XY,XX,XX,XY,XX,YY,XX,No Call,XX,XY,XY,YY,YY,XX,XY,XY,XX,YY,YY,XX,XY,XX,XY,YY,YY,YY,YY,XX,XY,YY,YY,XY,YY,No Call,YY,YY,XX,XY,XX,XX,XX,XX,XY,YY,YY,YY,XY
04,2330-99704,XX,XY,No Call,No Call,YY,XX,XX,YY,XX,YY,XY,XX,YY,XY,XY,XX,YY,YY,XY,XX,YY,XX,XX,XX,XY,XX,XY,XX,XY,XX,XY,XX,YY,XX,XX,YY,YY,XX,XX,XX,YY,YY,XX,YY,XX,XY,YY,YY,XX,XX,XX,XX,XX,XX,XX,XX,No Call,XX,XX,YY,XY,YY,XX,XX,YY,XX,YY,XY,YY,YY,XY,XY,XY,XY,YY,YY,XX,XX,YY,XY,YY,YY,No Call,XX,XX,XY,XX,YY,XX,YY,YY,XX,YY,XX,YY,XX
05,2330-99706,XX,XX,No Call,No Call,XY,XY,YY,XX,XX,XY,XY,YY,YY,YY,YY,XX,YY,YY,XX,YY,YY,XY,XX,XX,YY,XX,XX,XY,XX,XX,XX,YY,XY,XY,XY,XY,YY,XX,XY,XX,YY,XY,XX,XX,YY,XY,YY,YY,XY,XY,XX,XX,XX,XX,XX,XX,No Call,XX,YY,YY,YY,YY,XX,XX,XY,XX,YY,YY,XX,YY,XX,XY,YY,XY,XY,YY,XX,XX,YY,YY,YY,YY,No Call,XX,YY,YY,XY,YY,XY,XX,XX,XX,XY,YY,YY,XX
06,2330-99708,XX,XX,No Call,No Call,XX,YY,XY,XX,XX,YY,XX,YY,YY,XX,XX,XX,YY,XY,XY,XY,YY,XX,XY,XX,XX,XX,XY,YY,YY,XX,YY,YY,YY,XY,XX,XX,YY,XY,XY,XX,YY,YY,XX,YY,XY,XY,YY,XY,YY,XY,XX,XY,XX,XX,XY,XY,No Call,XX,YY,XY,YY,XY,XX,XY,YY,XX,YY,YY,XX,XX,XY,XY,YY,YY,XY,XY,XX,XX,YY,YY,XX,YY,No Call,XX,YY,XX,XX,XX,XX,XY,XX,YY,YY,YY,YY,XX
07,2330-99709,XX,XX,No Call,No Call,YY,XY,XY,XX,XX,XY,XX,YY,YY,YY,XX,XY,YY,XY,XX,YY,YY,XX,XX,XX,XX,XX,YY,XX,YY,XX,XY,YY,XY,XX,XX,XX,YY,XX,XY,XX,YY,YY,XX,XY,XX,YY,XX,XY,YY,XX,XX,XX,XX,XX,YY,XY,No Call,XY,YY,YY,XY,YY,XX,XX,XY,XX,XY,YY,XX,XX,XY,YY,XY,YY,XY,YY,XX,XX,YY,YY,XX,YY,No Call,YY,YY,XX,XX,XX,XX,YY,XX,XY,XX,YY,YY,XY
08,2330-99713,No Call,XY,No Call,No Call,YY,XY,YY,XY,XX,XY,XY,XX,YY,XY,XX,XY,XY,YY,XY,XY,YY,XY,XX,XX,XY,XY,XY,XY,YY,XX,No Call,XX,YY,No Call,XY,XY,XY,XX,XX,XX,XY,YY,XY,XY,XY,XX,XY,XY,XY,XY,XX,XX,XY,XY,XY,XY,No Call,XY,XY,YY,XY,YY,XX,XX,XY,XX,XY,XY,XX,YY,XY,XY,XX,XY,YY,YY,XX,XX,XX,XY,XY,XY,No Call,XY,XX,XY,XY,XY,XX,XY,XY,XY,XY,YY,YY,XX
09,2330-99715,XX,XX,No Call,No Call,XX,YY,YY,XX,XX,YY,XY,YY,YY,XY,XX,YY,YY,YY,XX,YY,YY,XX,XX,XX,XY,XX,XY,XY,YY,XX,XY,YY,YY,XY,XY,XX,XY,XY,XY,XX,XX,YY,XX,YY,XX,XY,XY,YY,YY,YY,XX,XX,XX,XY,XX,YY,No Call,XY,XX,YY,YY,YY,XX,XY,XY,XY,YY,YY,XX,XY,YY,XY,YY,YY,YY,YY,XX,XX,XY,YY,YY,YY,No Call,YY,YY,XX,XX,XY,XX,XX,XX,XY,XY,XX,YY,XX
10,2330-99717,XX,XX,No Call,No Call,XY,YY,YY,XX,XX,XY,XX,XX,YY,YY,XX,YY,YY,XY,XX,YY,YY,XX,XX,XX,YY,XX,XY,XX,XY,XX,XY,YY,YY,YY,YY,XY,XY,XX,XY,XX,YY,YY,XY,YY,XX,XY,YY,XY,XY,XY,XX,XX,XX,XX,XY,XX,No Call,XX,XY,YY,YY,XX,XX,YY,YY,XY,YY,XY,XY,XY,XX,YY,XY,YY,XY,YY,XX,XY,YY,YY,YY,YY,No Call,YY,XX,XX,XX,XX,XY,XY,XX,XY,XX,YY,XY,XY
11,2240-94344,XX,XY,No Call,No Call,YY,XX,XY,XY,XX,XY,XX,XX,YY,YY,XY,XY,YY,YY,XX,YY,YY,XX,XX,XX,XY,XX,YY,XX,XX,XX,XY,YY,YY,XY,YY,XX,XY,XY,XY,XX,XX,YY,XX,XY,XY,XY,YY,XY,XY,YY,XX,XX,XX,XX,XX,XY,No Call,XX,XX,YY,YY,YY,XY,YY,XY,XX,YY,XY,No Call,XX,YY,XX,XX,XY,XY,XY,XX,XX,YY,YY,XX,XY,No Call,YY,XX,XX,XY,XX,XX,XX,XY,YY,YY,YY,YY,XX
12,2240-94345,XX,XX,No Call,No Call,XY,YY,YY,XX,XX,YY,XX,YY,YY,XY,XY,XY,YY,YY,XX,YY,YY,XX,XX,XX,XY,XX,XY,XX,XY,XX,YY,YY,YY,XY,XY,YY,XY,XX,XY,XX,YY,YY,YY,XY,XY,XX,XY,YY,YY,XX,XX,XX,XX,XX,XX,XY,No Call,XX,XY,YY,XY,YY,XX,YY,XY,XX,XY,XX,XY,XY,XY,YY,YY,YY,YY,XY,XX,XX,YY,YY,XY,XX,No Call,XX,YY,XX,XX,YY,XX,XY,XX,XX,YY,YY,YY,XY
13,2240-94346,XX,XX,No Call,No Call,YY,YY,YY,XX,XX,XY,XX,YY,YY,XX,XY,YY,XY,XY,XY,XY,YY,XY,XY,XX,XY,XX,XY,XX,YY,XX,XY,YY,YY,XX,XY,XY,XY,XY,XY,XX,XX,XY,XX,YY,XX,XX,YY,XY,YY,YY,XX,XX,XX,XX,XX,XX,No Call,XX,XX,YY,XX,YY,XX,XX,YY,XX,YY,YY,XX,XY,XX,XX,XY,XY,XY,YY,XX,XX,XY,YY,XX,YY,No Call,YY,YY,XX,XX,XY,XY,XY,XX,XX,XY,XY,YY,XX
14,2240-94347,XX,XX,No Call,No Call,XX,XY,YY,XX,XX,XY,XX,YY,YY,XY,YY,YY,XY,YY,XX,XY,YY,XX,YY,XX,XX,XX,YY,XX,XX,XX,YY,YY,XY,XY,XY,XY,XY,XY,YY,XX,XY,YY,XY,XY,XX,XY,XY,XY,YY,YY,XX,XX,XX,XX,XY,XY,No Call,XX,XY,YY,YY,XY,XX,XY,XY,XX,XY,XY,XX,XY,XY,XY,XY,YY,YY,XY,XX,XX,XY,YY,XY,YY,No Call,XX,YY,XX,XX,YY,XX,XX,XX,XX,No Call,YY,YY,XY
15,2240-94361,XX,XY,No Call,No Call,XY,YY,YY,XY,XX,YY,XY,XY,XX,YY,XX,XX,YY,XY,XX,YY,XX,XX,XY,XX,XX,XY,XY,XY,YY,XX,XX,XX,YY,XY,XX,XX,XX,XY,XX,XX,YY,YY,XX,XY,XX,YY,XY,XX,XY,XX,XX,XX,XY,XX,XX,XX,No Call,XX,XY,YY,XX,XY,XX,YY,XY,XY,XY,YY,XX,YY,XY,XY,XX,YY,XY,XY,XX,XX,YY,YY,XY,YY,No Call,XX,XY,XX,YY,YY,XX,XY,XY,XY,YY,XX,YY,XY
16,2240-94362,XX,XX,No Call,No Call,XX,YY,YY,XX,XX,XY,XX,XY,YY,XY,XX,XY,XY,YY,XX,XY,YY,XX,XX,XX,YY,XX,XY,YY,XY,XX,YY,YY,XY,XY,XY,XY,YY,XY,XX,XX,YY,YY,XX,XX,XX,XY,XX,YY,XY,YY,XX,XX,XY,XY,XX,XY,No Call,XX,XX,YY,YY,YY,XY,XX,YY,XX,XY,XY,YY,YY,YY,XY,XX,XX,XY,XY,XX,XX,XY,YY,YY,YY,No Call,XX,XY,XY,XX,XX,XY,XX,XX,XY,XY,XX,YY,XX
17,2240-94363,XX,XX,No Call,No Call,XY,YY,YY,XX,XX,YY,XY,YY,YY,XY,XX,XY,XY,YY,XY,YY,XY,XX,XX,XX,YY,XX,XY,XX,XY,XX,XX,XX,XY,XY,XY,XX,YY,XX,XY,XX,XY,YY,XX,YY,XX,XY,YY,XY,YY,XY,XX,XX,XX,XX,XX,XX,No Call,XX,XX,YY,XY,XX,XX,XY,YY,XX,XY,YY,XX,YY,XX,YY,XX,YY,YY,XY,XX,XX,XX,YY,XY,YY,No Call,YY,YY,XX,XX,XX,XX,XX,XX,XX,XX,XX,YY,XY
18,2240-94366,XX,XY,No Call,No Call,XX,XY,XY,XX,XX,XY,XX,XY,YY,YY,XX,YY,XY,YY,XY,YY,YY,XY,XX,XX,XY,XX,XY,XX,YY,XX,YY,XX,YY,XX,XY,XX,XY,YY,XY,XX,YY,YY,XX,XY,XX,XY,YY,XY,XY,XY,XX,XX,XX,XX,XY,XY,No Call,XY,XX,YY,XY,YY,XY,XX,YY,XX,XY,XY,XX,XY,XY,XY,XX,YY,YY,XY,XX,XY,XY,XX,YY,YY,No Call,YY,XY,XX,XY,YY,XY,XY,XX,XY,YY,YY,YY,XY
19,2240-94368,XX,XX,No Call,No Call,XY,XY,YY,YY,XX,XX,XY,XY,XX,YY,YY,XX,YY,YY,XX,YY,YY,XX,XX,XX,XY,XX,XY,XX,YY,XX,YY,YY,YY,YY,XY,XX,XY,XY,XY,XX,XY,YY,XX,YY,XX,XX,XY,XY,XY,YY,XX,XX,XX,XX,XY,XY,No Call,XX,XY,YY,YY,XY,XX,XX,XY,XX,XY,XY,XX,XY,XX,XY,XX,YY,YY,YY,XX,XX,YY,YY,XX,YY,No Call,XX,XY,XX,XX,YY,XY,XX,XY,XY,YY,XX,YY,XX
20,2240-94396,XX,XX,No Call,No Call,XX,XX,YY,XX,XX,YY,XY,XY,XY,YY,YY,YY,YY,XY,XX,YY,YY,XY,YY,XX,YY,XY,XY,XX,YY,XX,XY,YY,XY,XY,XX,XY,XX,XY,YY,YY,XX,YY,XY,XY,XX,No Call,YY,XX,XY,XY,XX,XX,XY,XX,YY,XY,No Call,XX,YY,XY,YY,YY,XX,XY,XY,XX,XY,XY,XX,XX,XY,XX,XY,YY,XY,YY,XX,XX,XX,YY,YY,YY,No Call,XX,XY,XY,XX,XY,XX,XX,XY,XX,XY,XX,YY,XX
21,2240-94397,XX,XX,No Call,No Call,XX,YY,XX,XX,XX,YY,XX,YY,XY,XY,XX,XY,XY,YY,XY,YY,YY,XY,XX,XX,XY,XX,XX,XX,YY,XX,XY,XY,XY,XY,XY,XY,XX,YY,YY,XX,YY,YY,XX,XY,YY,XY,YY,YY,XY,XY,XX,XX,XX,XY,XX,XX,No Call,XX,XX,YY,YY,XY,XX,XY,XY,XX,YY,YY,XX,YY,XY,YY,XY,YY,YY,XY,XX,XY,XX,XY,YY,XX,No Call,YY,YY,XY,XX,XY,XX,XY,XX,XX,YY,YY,YY,XX
22,2240-94398,XX,XY,No Call,No Call,XY,XY,XY,XY,XX,XY,XX,XY,XY,YY,XX,XY,XY,YY,XX,XY,YY,XX,XX,XX,XY,XX,XX,XX,XX,XX,XY,YY,XY,YY,XY,XY,XX,XX,XY,XX,XY,XY,XX,YY,XX,XX,YY,XY,YY,XX,XX,XX,XX,XX,XX,XX,No Call,XX,XX,YY,XY,XY,XX,XX,YY,XX,XY,XY,XX,XY,XY,XY,YY,YY,YY,YY,XX,XY,YY,YY,XY,YY,No Call,XX,XY,YY,XX,XY,XX,XX,XX,XX,YY,YY,YY,XY
23,2240-94399,XX,XY,No Call,No Call,XX,XY,YY,XY,XX,YY,XX,XX,XX,XY,XX,YY,XX,YY,XY,YY,YY,XX,XY,XX,YY,XY,XY,XX,XY,XX,YY,YY,YY,XY,YY,XY,XX,XX,XX,XX,XX,YY,XX,XY,XX,XY,YY,XY,XX,XY,XX,XX,XY,XY,XX,XX,No Call,XX,YY,YY,XY,YY,XX,XX,YY,XX,YY,YY,XX,XY,XY,YY,XX,YY,YY,YY,XY,XX,XY,XY,XX,XY,No Call,XX,XX,XY,XX,XY,XX,XX,XX,XX,YY,XX,YY,YY
24,2240-94400,XX,XX,No Call,No Call,XX,YY,YY,XX,XX,YY,YY,YY,XY,YY,XX,YY,YY,YY,XY,YY,YY,XY,XY,XX,XX,XX,XY,XY,XY,XX,YY,YY,YY,XX,YY,XY,XY,XX,XY,XX,XX,YY,XY,XY,XY,XX,YY,YY,YY,XY,XX,XX,XX,XX,XY,XY,No Call,XX,XX,YY,YY,YY,XX,XX,XX,XX,XX,XX,XX,YY,XX,YY,YY,XY,XY,XY,XX,XX,YY,XX,XY,XY,No Call,YY,YY,XY,XX,YY,XX,XX,XX,XY,YY,XX,XY,XX
25,2330-99701,XX,XX,No Call,No Call,XY,XX,YY,XX,YY,YY,XY,YY,YY,XX,YY,YY,YY,YY,XX,YY,YY,XY,XX,XX,XX,XX,XX,XX,YY,XX,XX,YY,YY,XY,XY,XX,YY,XY,XX,XX,YY,YY,XX,XY,YY,XY,YY,XY,YY,XY,XX,XX,XX,XY,YY,XY,No Call,XX,YY,YY,XY,XY,XX,XY,YY,XX,XY,XY,XX,XY,XY,XY,XY,XY,YY,YY,XX,XX,XY,YY,YY,YY,No Call,YY,YY,XX,XX,YY,XX,XX,XX,XX,XX,YY,YY,XX
26,2330-99702,XX,YY,No Call,No Call,XX,XY,YY,XX,XX,XX,YY,XY,XY,YY,XX,XX,XX,YY,XX,XY,YY,XX,XX,XX,XX,XX,XX,XY,YY,XX,XY,XY,YY,YY,XX,XY,XX,XX,XX,XX,YY,YY,XX,YY,XX,No Call,XX,XX,YY,YY,XX,XX,XX,XX,YY,XX,No Call,XX,YY,YY,YY,XY,XX,XX,XY,XX,XX,XX,XX,YY,XY,YY,XX,YY,YY,YY,XX,XY,XX,YY,XY,YY,No Call,XX,XY,XX,XY,YY,XX,XX,XY,XX,No Call,YY,YY,YY
27,2330-99703,XX,XX,No Call,No Call,XY,XX,YY,XX,XX,XY,XX,YY,YY,YY,XX,XY,XY,YY,XY,YY,XY,XY,YY,XX,YY,XX,XY,XY,YY,XX,YY,YY,YY,XX,XX,XX,XY,XY,XY,XX,YY,YY,XX,XY,YY,YY,YY,XY,YY,XX,XX,XX,XX,XX,YY,XY,No Call,XX,XY,YY,XY,YY,XX,YY,XX,XX,YY,XY,XX,XX,XY,YY,XY,YY,YY,XY,XX,XY,XY,XY,XX,YY,No Call,YY,YY,XX,XX,XX,XX,XX,XX,XY,YY,YY,YY,XX
28,2330-99705,XX,XY,No Call,No Call,XY,YY,YY,XX,XX,XX,XY,XY,XX,YY,XX,YY,XY,YY,XY,YY,XY,XX,XY,XX,XX,XX,XX,XY,YY,XX,XX,XX,YY,YY,XX,XY,XX,XY,XX,XX,YY,YY,XX,YY,XX,XX,XY,XX,YY,YY,XX,XX,XX,XX,YY,XX,No Call,XX,YY,YY,YY,XY,XX,XX,YY,XX,XX,XX,XX,XX,XY,YY,XX,YY,YY,YY,XX,XX,XX,YY,XX,YY,No Call,XX,XY,XX,XY,YY,XX,XX,XY,XX,XX,YY,YY,YY
29,2330-99707,XX,XY,No Call,No Call,XX,XX,XY,XX,XX,XY,XX,YY,XY,XX,XX,YY,XY,YY,YY,XY,XY,YY,XX,XX,XX,XX,XY,YY,YY,XX,XX,XX,YY,XX,XY,YY,XX,XX,XX,XX,YY,YY,XY,YY,XX,XY,YY,XY,XY,XY,XX,XX,XX,XX,YY,XY,No Call,YY,XY,YY,XY,XY,XX,XY,YY,XX,YY,XX,XX,XX,XY,XY,XY,YY,XY,YY,XY,XX,XX,XY,XY,XX,No Call,YY,YY,XX,XX,XY,XY,XX,XX,XX,YY,XX,YY,XY
30,2330-99714,XX,XX,No Call,No Call,XX,YY,YY,YY,XY,YY,XX,XY,YY,XY,XY,XY,XX,YY,XX,YY,YY,XX,XY,XX,XX,XX,XY,YY,XY,XX,XX,YY,YY,XY,YY,YY,XY,XX,YY,XX,YY,YY,XY,XY,XY,XY,YY,XY,XY,YY,XX,XY,XX,XY,YY,XY,No Call,XX,XY,YY,YY,YY,XX,XY,XY,XY,YY,YY,XX,XY,YY,XY,XY,XX,YY,YY,XX,XX,XY,YY,YY,YY,No Call,XX,XY,XX,XX,XX,XY,YY,YY,XX,XY,XX,YY,XX
31,2330-99716,XX,XX,No Call,No Call,XX,YY,YY,XY,XX,YY,XX,XY,XY,XY,XX,YY,XY,YY,XX,XY,XY,XX,YY,XX,YY,XX,XY,XX,YY,XX,XY,YY,YY,XX,YY,XY,XX,XX,XY,XX,YY,XY,XX,YY,XY,YY,YY,XY,XY,YY,XX,XX,XY,XY,XX,YY,No Call,XX,XX,YY,YY,YY,XX,XX,YY,XX,YY,YY,XY,XX,XY,XY,XX,YY,YY,XY,XX,XY,XY,YY,XX,XY,No Call,XY,XY,XX,XX,XX,XX,XY,XY,XY,YY,YY,XY,XY
32,2330-99727,XX,XX,No Call,No Call,XX,YY,YY,XY,XX,XY,XX,XX,YY,XY,XY,XY,YY,XY,XY,YY,YY,XX,YY,XX,XY,XX,XY,XX,YY,XX,XY,YY,YY,XX,XY,XX,XX,XY,XX,XX,YY,YY,YY,XY,YY,XY,YY,XX,XX,XY,XX,XX,XX,XX,XX,XY,No Call,XX,XX,XY,YY,YY,XX,XY,XX,XX,YY,YY,XY,XX,YY,YY,XX,YY,XX,XY,XX,XX,XX,YY,XX,YY,No Call,YY,XX,XX,XX,XX,XX,XY,XX,XX,YY,XX,XY,XY
33,2330-99728,XX,XY,No Call,No Call,XX,XX,XY,YY,XX,XY,XX,XX,YY,YY,XX,YY,XY,YY,XY,XY,XY,XX,XX,XX,XX,XX,YY,XX,XY,XX,XX,XX,YY,XX,XX,XY,XX,XX,XX,XX,YY,XY,XY,XY,XX,XX,YY,XX,XX,YY,XX,XX,XX,XY,XX,XY,No Call,XX,XY,XX,XX,XY,XX,XX,XY,XX,XY,XX,XY,XY,XY,XX,XX,XX,YY,YY,XX,XY,XX,XY,YY,XX,No Call,YY,XX,XY,XX,YY,XX,XY,YY,XX,XX,YY,XY,XX
34,2330-99729,XX,XX,No Call,No Call,XX,YY,YY,XX,XY,XX,XX,YY,YY,YY,XY,XY,YY,YY,XY,XY,YY,XX,XX,XX,XY,XX,XX,XX,XY,XX,YY,YY,YY,XY,XY,XX,XX,XX,XY,XX,YY,XY,XX,XY,XY,YY,XY,XX,YY,XY,XX,XX,XX,XX,YY,XY,No Call,XX,XX,YY,YY,YY,XX,XX,YY,XY,XY,XY,XX,YY,XY,XX,XY,XY,XX,XY,XX,XX,YY,XX,XY,XY,No Call,XX,YY,XX,XX,YY,XX,XX,XX,XY,YY,YY,YY,XY
35,2330-99730,XX,XX,No Call,No Call,YY,XY,YY,XX,XX,XY,XX,YY,XY,YY,YY,XX,YY,YY,YY,YY,YY,XX,XX,XX,XY,XX,XY,XY,XX,XX,XY,YY,YY,XX,XX,XX,YY,XX,XX,XX,YY,YY,XX,YY,XY,XX,XY,YY,YY,XX,XX,XX,XX,XX,YY,XY,No Call,XX,XY,XY,YY,YY,XX,YY,XX,XX,YY,YY,XY,YY,XY,YY,YY,YY,YY,XY,XX,XX,XX,XX,XY,XY,No Call,XX,YY,XX,XX,XY,XY,XX,XX,XX,YY,XX,YY,XX
36,2330-99731,XX,XX,No Call,No Call,YY,XY,YY,XY,XX,YY,XX,XY,XY,YY,XY,YY,YY,YY,XY,XX,YY,XX,XX,XX,XX,XX,XX,XX,XY,XX,XY,YY,YY,XY,XX,XX,XX,XX,XY,XX,YY,YY,XY,YY,XX,YY,YY,YY,YY,XY,XX,XX,XX,XY,XX,XY,No Call,XY,YY,XY,YY,YY,XX,YY,XY,XX,YY,YY,XX,XY,XX,YY,YY,YY,XY,XY,XX,XX,YY,XY,XY,YY,No Call,YY,XY,XX,XX,No Call,XX,XX,XX,XY,No Call,YY,YY,XX
37,2330-99747,XX,XY,No Call,No Call,XX,XX,YY,XX,XX,YY,XX,YY,YY,YY,XX,XY,XY,XY,XX,YY,XY,XY,XX,XX,YY,XX,XX,XX,XX,XX,XY,YY,YY,XY,XY,XY,YY,XY,XY,XX,YY,YY,XX,XY,YY,XY,XX,XX,XY,XY,XX,XX,XX,XY,XX,YY,No Call,XX,YY,YY,YY,XX,XX,XX,XY,XY,XX,XY,YY,XY,XY,YY,XY,YY,XY,XX,XX,XX,XX,YY,XY,XY,No Call,XX,YY,XX,XX,XX,XX,XY,XX,XX,XX,YY,YY,XY
38,2330-99748,XX,XX,No Call,No Call,YY,XY,YY,XY,XX,XX,XX,XX,YY,XY,XY,XY,XY,YY,XY,YY,YY,XX,YY,XX,XX,YY,XX,XX,XY,XX,YY,XX,YY,YY,YY,XX,XY,YY,XY,XX,YY,YY,XX,YY,XX,XX,YY,YY,XX,XX,XX,XX,XX,XY,XX,XX,No Call,XX,YY,YY,XY,XY,XX,XY,XX,XX,YY,YY,XY,XY,XX,YY,XX,YY,XY,YY,XX,XY,YY,XY,XY,XY,No Call,YY,XX,XY,XX,XY,XY,XX,XY,XY,XY,XX,XY,YY
39,2330-99749,XX,XX,No Call,No Call,XX,XY,YY,XY,XX,XX,XX,XY,YY,YY,YY,YY,YY,YY,XX,YY,YY,XX,XX,XX,YY,XX,XY,XX,XX,XX,YY,XX,YY,XY,XX,XX,YY,XY,XX,XX,YY,YY,XX,YY,XX,XY,XX,XY,XY,YY,XX,XX,XX,YY,YY,YY,No Call,XX,YY,YY,YY,YY,XY,XX,XY,XX,XY,YY,XX,XX,XY,YY,XY,YY,XY,YY,XX,XX,XY,XX,XY,XY,No Call,XX,XY,XX,XX,YY,XX,XX,XX,XX,YY,XY,YY,XX
40,2330-99750,XX,XX,No Call,No Call,XX,XY,XY,XY,XX,XY,XX,XY,YY,YY,XX,XY,YY,YY,XY,YY,XX,XX,XX,XX,XX,XX,XY,XY,YY,XX,XY,XX,YY,XY,XY,XY,XX,XY,XX,XX,XY,YY,XY,XY,YY,XX,XY,YY,XY,YY,XX,XX,XY,XY,XY,XY,No Call,XX,YY,YY,YY,YY,XX,XY,YY,XX,YY,XY,XX,YY,XX,YY,XY,YY,XY,XX,XX,XY,YY,YY,XY,YY,No Call,XX,XY,XY,XX,XY,XX,XY,XY,XY,YY,XY,YY,XX
41,2330-99751,XX,XY,No Call,No Call,XY,XY,YY,XY,XX,XY,XY,YY,YY,XY,XX,YY,XX,XY,XY,XX,YY,XX,XX,XX,YY,XX,XY,XX,XX,XX,XX,YY,YY,XX,XX,XX,XX,XY,XY,XX,YY,YY,XX,XY,YY,XX,YY,YY,YY,YY,XX,XX,XX,XX,YY,XY,No Call,XX,YY,YY,XX,XY,XX,XX,XY,XX,YY,XY,XX,XY,XY,XY,XY,XY,YY,XY,XX,XX,YY,YY,YY,XY,No Call,XX,YY,XY,XX,XX,XX,XY,XY,XX,XY,YY,YY,XX
42,2330-99762,XX,XX,No Call,No Call,XX,YY,YY,XX,XX,XY,XY,XY,YY,YY,YY,XY,YY,XY,XY,YY,XY,XX,YY,XX,XY,XX,XY,XY,XX,XX,XY,YY,YY,XY,YY,XX,YY,XY,XY,XX,YY,YY,XX,YY,XX,No Call,YY,YY,XY,XY,XX,XX,XX,XX,XX,XY,No Call,XY,XY,YY,YY,XX,XX,XX,YY,XX,XY,YY,No Call,XY,XX,YY,XY,XY,XY,XY,XX,XY,XY,YY,XX,YY,No Call,XX,XY,XX,XX,YY,XX,XX,XX,XY,YY,YY,YY,XX
43,2330-99763,XX,XX,No Call,No Call,XX,XY,YY,XX,XX,XY,XY,YY,YY,YY,XX,XY,XY,YY,XX,XX,YY,XY,XX,XX,XX,XX,XY,XX,XY,XX,YY,YY,YY,XY,XY,XY,XX,XX,XX,XX,YY,XY,XX,YY,XX,XY,XY,XY,YY,YY,XX,XX,XX,XX,XY,XY,No Call,XX,XY,YY,YY,YY,XX,XY,XX,XY,YY,XY,XY,XY,XY,XX,XX,YY,XX,YY,XX,XY,YY,YY,XX,YY,No Call,YY,YY,XX,XY,XY,XX,XX,XX,XX,YY,YY,XY,XX
44,2330-99764,XX,XX,No Call,No Call,YY,XY,YY,XX,XY,XY,YY,YY,YY,YY,XY,XY,XY,YY,XX,YY,YY,XX,XX,XX,XY,XX,XX,XY,XY,XX,XX,YY,XY,XY,XY,XY,XY,YY,XY,XX,XY,XY,XY,YY,XY,XX,YY,XY,XY,XY,XX,XX,XX,XX,XY,XY,No Call,XY,XY,YY,YY,YY,XX,XX,XX,XX,XY,YY,XX,XX,XY,YY,YY,XX,YY,XY,XX,XX,XY,YY,XX,XY,No Call,YY,YY,XX,XY,XY,XX,XX,XX,XX,XY,YY,XY,XX
45,2330-99765,XX,XX,No Call,No Call,XX,YY,YY,XX,XX,XY,XX,YY,YY,XX,XY,XY,XY,YY,XX,YY,YY,XY,XX,XX,XX,XX,XY,XX,YY,XX,YY,YY,YY,YY,XX,XX,YY,XY,XY,XX,YY,YY,XX,YY,XY,XY,YY,XY,XY,XY,XX,XX,XX,XX,YY,XY,No Call,XX,XY,YY,XY,XY,XY,XX,XY,XX,YY,YY,XY,XY,XX,YY,YY,YY,XY,YY,XX,XX,XY,YY,XX,YY,No Call,XX,YY,XX,XX,YY,XY,XX,XX,XY,XY,XX,YY,XX
46,2330-99766,XX,XX,No Call,No Call,XX,XX,YY,XX,XX,XY,XX,YY,XY,XY,XX,XY,YY,YY,XX,YY,XY,XX,XX,XX,XY,XX,XX,XY,XY,XX,XX,YY,YY,XY,YY,XX,XX,YY,XX,YY,XY,YY,XX,XY,XX,No Call,XX,YY,YY,XX,XX,XX,XX,XX,XX,XY,No Call,XX,XX,YY,YY,XY,XX,YY,YY,XX,XY,YY,YY,XX,XY,XY,YY,YY,XY,YY,XX,XX,XY,XY,XX,YY,No Call,XX,YY,XX,XX,YY,XX,XY,XX,XX,No Call,YY,YY,XX
47,2330-99777,XX,XX,No Call,No Call,XX,XY,YY,YY,XX,XY,XX,XY,XY,XY,XX,XY,XY,YY,XX,YY,YY,XX,XY,XX,XX,XX,XX,XY,XY,XX,XY,YY,XY,XY,XY,XX,XX,XX,YY,XX,XX,XY,XX,XY,XX,XY,YY,XY,XY,XY,XX,XX,XX,XX,YY,XY,No Call,XX,YY,YY,XY,YY,XX,XX,YY,XX,YY,XY,YY,XX,XX,XY,XY,XY,YY,YY,XX,XX,XY,XY,XX,YY,No Call,YY,XY,XY,XY,XY,XY,XY,YY,XX,XY,YY,YY,XY
48,2150-26506,YY,YY,No Call,No Call,XX,YY,XY,XY,XX,YY,XX,XX,XY,XY,YY,XX,XX,XY,XY,XY,YY,XX,XX,XX,XX,XY,YY,YY,XY,XX,XX,XY,XX,XY,XY,XX,XX,YY,XY,XX,YY,XX,XX,XX,XY,XY,XY,YY,XX,XY,XX,XX,XX,XX,XY,YY,No Call,XX,XY,YY,YY,YY,XX,XX,YY,XX,XX,XX,XY,YY,XY,YY,XX,XY,XY,XY,XX,XX,XX,XY,XY,YY,No Call,YY,XX,XX,XX,XY,XX,XY,XY,XX,XY,XX,XY,YY
49,2150-26507,XY,XX,No Call,No Call,YY,XY,XY,YY,XY,XY,XX,XX,XY,XX,XY,XX,XY,YY,XY,XX,XY,XX,XX,XX,YY,XY,XX,XX,YY,XX,XX,XX,YY,XX,XX,YY,XX,XX,XY,XX,YY,YY,XX,XX,XY,XX,YY,YY,YY,XX,XX,XX,XX,XX,XX,XY,No Call,XY,XX,YY,XY,YY,XX,XY,YY,XX,XY,XY,XX,XX,XY,YY,XX,YY,XY,XY,XX,XX,XY,XY,XY,YY,No Call,XX,XX,XY,XX,XY,XY,YY,YY,XX,YY,XX,XY,XY
50,2150-26508,XY,YY,No Call,No Call,XX,XY,XY,YY,XX,YY,XX,XY,XY,XY,YY,XY,YY,YY,YY,XY,YY,XX,XX,XX,XX,XX,XX,XY,YY,XX,XY,YY,YY,XX,XX,XY,XX,XX,XX,XX,XX,YY,XX,XY,XX,XY,YY,XY,XY,YY,XX,XX,XX,XX,XX,XX,No Call,XX,XX,YY,YY,YY,XX,XX,XY,XX,XX,XY,XX,XX,XX,XY,XY,XY,YY,XX,XX,XX,XX,XX,XX,XX,No Call,YY,XY,XY,XX,XX,XY,YY,YY,XY,XX,XY,XX,XY
51,2150-26509,YY,XY,No Call,No Call,XX,XX,YY,YY,XX,YY,XY,XX,YY,YY,YY,XY,YY,YY,XY,XY,YY,XX,XX,XX,XX,YY,XX,XY,XY,XX,XX,XX,YY,XX,XY,XX,XX,XX,XX,XX,YY,XY,YY,XX,XY,XX,XY,YY,XX,XX,XX,XX,XX,XY,XY,XX,No Call,XY,XX,YY,XY,XY,XY,XX,YY,XX,XX,XX,XX,YY,XX,XY,XX,XY,XY,YY,XX,XX,XY,XX,XX,XY,No Call,XX,XX,XX,XY,XY,XX,YY,YY,YY,XY,YY,XY,XY
52,2150-26511,XX,XY,No Call,No Call,XY,XY,XX,YY,XX,XY,XX,XX,XX,XY,XY,XY,XY,YY,XY,XY,No Call,XX,XX,XX,YY,XY,XX,XY,XY,XX,XY,XX,XY,XY,XY,YY,XX,XY,XY,YY,XY,XY,XY,XY,XX,XX,XX,XY,XY,XY,XX,XX,XX,XY,XX,XX,No Call,XX,XY,XY,XY,YY,XX,XY,XY,XX,XY,XX,XX,No Call,XY,XY,XX,XY,YY,No Call,XX,XX,XX,XY,XY,XY,No Call,XY,XX,XY,XX,YY,XX,XY,YY,XY,XY,XX,XY,XX
53,2150-26512,XX,XY,No Call,No Call,YY,XY,XX,XY,XX,XY,XX,XX,YY,XX,XX,XX,XX,XY,XY,XY,YY,XY,XX,XX,XX,XY,YY,YY,XY,XX,YY,XX,YY,XX,XX,XY,XX,XX,XY,XX,XY,YY,XX,XX,XX,XX,YY,XY,XY,XY,XX,XX,XY,XX,XX,YY,No Call,XX,XX,YY,XY,YY,XX,XX,XY,XX,XX,XY,YY,XY,XY,XX,XX,YY,XX,YY,XX,XX,XX,XY,XY,XX,No Call,XX,XX,XX,XX,XX,XY,XY,XY,XX,XY,XY,XY,XY
54,2150-26513,XX,XY,No Call,No Call,YY,XX,YY,YY,XX,XY,XX,XY,XY,XX,XY,YY,XY,YY,XX,XY,No Call,XX,XX,XX,XY,XY,XY,XX,XX,XX,XY,XX,XY,XX,XX,XY,XX,YY,XY,XX,YY,YY,XX,XY,XX,XX,YY,XY,XY,XY,XX,XX,XY,YY,YY,XX,No Call,XX,XX,YY,XX,YY,XY,XX,XY,XX,XY,XY,XX,XX,XX,XX,XX,XY,XX,YY,XX,XY,XY,XY,XX,XX,No Call,YY,XY,YY,XX,XY,XX,YY,YY,XX,XX,YY,XX,XX
55,2150-26514,XX,XY,No Call,No Call,XY,XY,YY,XY,XX,XX,XX,XX,XY,XX,XY,XY,YY,YY,XY,XY,YY,XX,XX,XX,XY,XY,XY,XY,No Call,XX,XY,XX,YY,No Call,XX,XY,XX,XX,XX,XX,YY,YY,XX,XY,XX,XX,XX,XY,XX,XY,XX,XX,XY,XX,XX,XY,No Call,XY,XX,YY,XY,YY,XX,XX,YY,XX,XY,XY,XY,XY,XX,XY,XX,YY,XY,YY,XX,XY,XY,YY,XX,XY,No Call,XY,XX,XY,XY,XY,XY,XY,XY,XY,XY,XX,YY,XX
56,2150-26516,XX,XX,No Call,No Call,XX,YY,XX,YY,XX,XY,YY,XX,XX,XY,XY,XX,XY,XY,XY,XX,XX,XX,XX,XX,XX,XX,XX,XX,XX,XX,YY,YY,XY,YY,XX,XX,XX,XX,XX,XX,XX,XY,XX,XY,XX,No Call,XX,YY,XX,YY,XX,XX,XX,XY,XX,XY,No Call,XY,XX,XY,XX,XY,XY,XX,XY,XX,XX,XX,XX,XY,XX,XY,XX,YY,YY,YY,XX,YY,XX,XY,XY,YY,No Call,XX,XX,XX,XX,XX,XY,YY,YY,XX,YY,XX,YY,XY
57,2150-26517,XY,XY,No Call,No Call,XX,XY,XX,YY,XX,YY,XX,XX,XY,XY,XX,YY,YY,YY,XY,XY,YY,XY,XX,XX,XX,XY,YY,XY,No Call,XX,XX,YY,XY,XY,XX,XX,XY,XX,XY,XX,XX,XY,YY,XY,XX,XY,YY,XY,XY,XY,XX,XX,XY,XY,XX,XX,No Call,XX,XY,YY,XX,YY,XX,XY,YY,XX,XY,XY,XX,XX,XX,XY,XX,YY,YY,YY,XX,XX,XX,XY,XX,YY,No Call,XX,XX,XY,XX,XX,XX,YY,YY,YY,YY,XX,XY,YY
58,2150-26526,YY,XX,No Call,No Call,XX,YY,XX,YY,XX,YY,YY,XX,XX,XY,XY,XY,XX,YY,XY,XY,XX,XX,XY,XX,XX,XX,XY,XY,YY,XX,XY,XX,YY,XY,XY,XX,XX,XX,XX,XX,XX,YY,XX,YY,XY,XX,YY,XY,XX,XY,XX,XX,XX,XY,XX,XX,No Call,XX,XX,YY,YY,YY,XX,XY,XY,XX,YY,XX,YY,XY,XX,XX,XY,XY,XY,XY,XX,XX,YY,XY,XY,XY,No Call,XX,XX,XX,XY,XX,XY,XY,YY,XX,YY,YY,XX,XX
59,2150-26529,YY,YY,No Call,No Call,XX,YY,XY,XX,XY,YY,XX,XX,YY,XY,XX,YY,YY,XX,XY,XY,XY,XX,XX,XX,XX,XX,XX,XY,No Call,XX,XY,XX,XY,XY,XX,XX,XX,XX,XY,XX,XX,YY,XX,XX,XY,XX,XY,XX,XY,YY,XX,XX,XY,XY,XY,XX,No Call,XX,XY,YY,XX,YY,XX,XX,XY,XX,XX,XX,YY,XX,XY,XY,XX,YY,YY,YY,XX,XY,XX,XY,XY,YY,No Call,XX,XX,XX,XX,YY,XY,XY,XX,YY,XY,YY,XY,XY
60,2150-26530,XY,YY,No Call,No Call,XY,XY,XY,YY,XX,YY,XX,XX,XX,XY,XY,YY,XY,YY,YY,YY,YY,XY,XX,XX,XX,XY,XY,XY,XY,XX,XY,XX,YY,XX,XY,XY,XX,XX,YY,XX,XY,YY,YY,XX,XX,XY,YY,XY,XX,YY,XX,XX,XX,XY,XY,XY,No Call,XX,XX,XY,XX,XY,XY,XX,XY,XX,YY,YY,XX,XY,XY,XY,XX,YY,XY,YY,XX,XX,XY,XY,XY,XY,No Call,YY,XX,XX,XY,XY,XX,YY,YY,XY,XX,YY,YY,XY
61,2150-26531,XX,XY,No Call,No Call,XY,XY,XY,YY,XY,YY,XY,XX,YY,XY,XX,XY,YY,YY,XY,XY,XY,XX,XY,XX,XX,XX,XX,XX,YY,XX,XX,XX,XY,XX,XX,XX,XX,XX,XX,No Call,XY,XY,XX,XX,XX,XX,YY,XX,XX,XX,XX,XX,XY,XY,XX,XX,No Call,XY,XX,YY,XX,YY,XX,XY,YY,XY,YY,XX,XX,XY,XX,XX,XX,XX,YY,YY,YY,XX,XY,XY,XY,XX,No Call,XX,XX,XY,XX,XY,XY,YY,YY,XY,XX,XY,YY,XX
62,2150-26532,XX,XX,No Call,No Call,XX,XY,YY,XY,XX,XY,XX,XY,YY,YY,XX,XY,YY,YY,XY,XY,XY,XX,XX,XX,XX,XY,XX,YY,YY,XX,XY,YY,YY,XY,XX,XX,XX,XY,XX,XX,YY,YY,XX,XY,XX,XX,XX,XY,XY,XY,XX,XX,XX,XX,XY,XX,No Call,XX,XY,YY,YY,YY,XX,XX,YY,XX,XY,XY,XX,YY,XX,XY,XX,YY,XY,YY,XX,XY,XY,YY,XY,YY,No Call,YY,XY,XX,XX,XY,XX,YY,XY,XX,XY,XY,YY,XX
63,2150-26533,YY,XY,No Call,No Call,YY,XY,XX,XX,XX,XX,XY,YY,XY,XY,XX,YY,XY,YY,YY,YY,YY,XX,YY,XX,YY,XX,XX,XY,YY,XX,XY,XX,YY,XY,XY,XX,YY,YY,XX,XX,YY,YY,XX,YY,XX,XX,XY,YY,XX,YY,XX,XX,XX,XX,XY,XX,No Call,XX,XX,YY,XY,XY,XX,XY,YY,XX,XY,XX,XX,XY,XX,YY,XX,YY,XY,XY,XX,XX,XY,YY,XX,YY,No Call,XX,YY,YY,XY,YY,XX,XY,XX,XX,YY,YY,YY,XY
64,2150-26534,XY,YY,No Call,No Call,XX,XY,XY,YY,XX,YY,XY,XY,XY,XY,XX,YY,XX,YY,XY,XY,No Call,XX,YY,XX,XY,XY,XX,XX,XY,XX,XX,YY,YY,XY,XY,XY,XY,XX,XY,XX,YY,YY,XY,XY,XY,XY,YY,XY,XY,XY,XX,XX,XX,XX,XY,XY,No Call,XX,XY,YY,XX,YY,XX,XX,XY,XX,YY,XX,XY,XY,XY,XY,XY,YY,YY,YY,XX,XX,XY,XY,XY,XY,No Call,YY,XY,XY,XY,XY,XY,YY,YY,XX,XX,XX,YY,XX
65,2150-26538,YY,XY,No Call,No Call,XX,XY,YY,XY,XX,XY,XY,XX,YY,XX,XY,XX,YY,XY,XY,XY,YY,XX,XX,XX,YY,XX,XX,XY,XY,YY,XX,XY,XY,XX,XX,XX,XX,XX,XY,XX,XY,YY,XY,XY,XX,YY,XX,YY,XX,XY,XX,XX,XY,XX,XX,XX,No Call,XX,YY,YY,XX,YY,XX,XX,YY,XX,YY,XY,XX,XX,XX,XY,XX,YY,XY,XY,XX,XX,XY,XY,XX,XY,No Call,XX,XX,XX,XX,XY,XY,XY,XY,XX,YY,YY,YY,YY
66,2150-26541,XY,XY,No Call,No Call,XY,XY,XX,XY,XX,YY,XX,XX,XX,XY,XX,XY,XY,XY,YY,YY,XY,XY,YY,XX,XX,XY,XX,XX,No Call,XX,XY,XY,YY,YY,XX,XY,XX,XX,XX,XX,XX,XY,XX,XX,XX,XX,YY,XY,XX,XX,XX,XX,XX,XX,XX,XY,No Call,XY,XY,YY,YY,YY,XY,XX,YY,XX,YY,XY,YY,XY,XX,XX,XX,XY,YY,YY,XX,XY,XX,XX,XY,XY,No Call,YY,XX,XY,XX,XX,XX,YY,XY,XY,YY,XY,YY,XX
67,2150-26542,XY,XX,No Call,No Call,XX,XY,YY,XY,XX,YY,YY,XY,XX,XX,XY,YY,YY,YY,XX,XY,XY,XX,XX,XX,YY,XY,XX,XY,YY,XX,YY,YY,XY,XY,XX,XY,XX,XX,YY,XX,YY,XY,XX,XX,XX,XX,YY,XY,XY,XY,XX,XX,XX,XX,XX,XY,No Call,XX,XX,YY,YY,YY,XX,XX,XY,XX,YY,XX,XX,XY,XX,XX,XX,YY,XY,YY,XX,XX,XY,YY,YY,XY,No Call,XY,XY,XX,XX,YY,XY,YY,XY,XY,XX,YY,YY,XY
68,100451,XY,XY,No Call,No Call,XX,XY,XX,YY,XX,YY,XY,XX,XX,XX,YY,XY,YY,XY,YY,XX,XY,XX,XY,XX,XX,XY,XX,YY,YY,XX,XY,YY,YY,XX,XY,XX,XX,XY,YY,XX,XY,YY,XX,XX,XX,XX,XY,XX,XX,XX,XX,XX,XY,XX,XY,YY,No Call,XX,XX,YY,XY,YY,XY,XX,YY,XX,YY,XX,XY,XY,XX,XX,XX,YY,YY,YY,XY,XX,XX,XX,XX,XY,No Call,XY,XX,XX,XX,XX,XX,XY,YY,XY,XX,XY,XY,XX
69,100471,XY,YY,No Call,No Call,YY,XY,YY,YY,XX,XY,XX,XX,XY,XX,XX,YY,XY,YY,YY,XY,No Call,XX,XX,XX,XX,YY,YY,YY,YY,XX,XX,XX,YY,XX,XX,XY,XX,XX,XX,XX,YY,XY,XX,XX,YY,XX,YY,XY,XY,XY,XX,XX,XX,XY,XX,XX,No Call,XY,XX,YY,XX,YY,XX,XX,XY,XY,XY,XX,XX,XX,XY,XY,XY,YY,XY,XY,XY,XY,XX,XX,XY,YY,No Call,YY,XY,XY,XY,XY,XY,YY,YY,XX,No Call,XX,YY,XY
70,100472,XY,XX,No Call,No Call,YY,XY,XX,YY,XX,YY,XX,XX,XY,XY,XY,YY,YY,XY,XY,YY,XY,XX,XX,XX,XX,XY,XX,XX,YY,XX,XX,XX,YY,XY,XX,XY,XX,XY,YY,XX,YY,YY,XX,XX,XX,XX,XY,XY,XX,XY,XX,XX,XY,XX,XY,XY,No Call,XX,XY,XY,XX,YY,XY,XX,YY,XY,YY,XX,XY,XY,XY,XY,XX,XY,YY,YY,XX,XY,XX,XX,XX,XY,No Call,XX,XX,XY,XX,XY,XY,YY,YY,XY,YY,YY,YY,XX
71,100492,XY,XY,No Call,No Call,XX,XY,YY,YY,XX,YY,XX,XX,XY,XY,XX,XX,XY,YY,XY,XY,XX,XY,XX,XX,XX,XY,XX,XX,XY,XX,No Call,XY,XY,XY,XX,XY,XX,XX,XY,XX,XX,YY,XY,XY,XX,XX,YY,XX,XX,XY,XX,XX,XX,XY,XX,YY,No Call,XY,XX,XY,XX,YY,XY,XX,XY,XX,XX,XX,XY,XY,XX,YY,XX,XY,YY,YY,XY,XX,XX,XX,XY,XY,No Call,XX,XX,XX,XX,XY,XX,YY,YY,XX,No Call,YY,XY,XX
72,113898,YY,XY,No Call,No Call,XX,XX,XY,YY,XX,YY,XX,XX,XX,XX,XX,XY,XX,YY,YY,XY,YY,XX,XX,XX,XX,YY,XX,XY,YY,XX,XX,XX,YY,XX,XX,XX,XX,XX,YY,XX,XY,YY,XY,XX,XX,XY,YY,XY,XX,XY,XX,XX,XX,XY,XY,XY,No Call,XY,XX,YY,XY,YY,XX,XY,XY,XX,XY,XX,XY,YY,XX,XY,XX,XY,XY,XX,YY,XY,XX,XX,XY,XX,No Call,YY,XX,XX,XX,XY,XX,YY,YY,XX,XY,YY,YY,XX
73,113900,XX,YY,No Call,No Call,YY,YY,YY,No Call,XX,No Call,XX,XX,XX,No Call,No Call,No Call,XY,No Call,YY,XX,YY,XX,XX,No Call,XY,XY,XX,XX,YY,XX,XX,XX,No Call,YY,XX,XX,XX,XX,XX,XX,XX,XY,XX,XX,XX,XX,XY,XY,XX,XX,XX,XX,XY,XX,XY,XX,No Call,XX,YY,YY,XX,XX,XX,XY,YY,XX,XX,XX,XX,XX,XX,XY,XX,XX,YY,XY,XY,XX,XX,XX,XX,XY,No Call,XY,XX,XY,XX,XX,XX,YY,YY,YY,No Call,XX,YY,XX
74,1590-97275,XY,YY,No Call,No Call,XX,XY,YY,YY,XX,XY,XY,XX,XY,XX,XY,XX,YY,YY,YY,XY,YY,XX,XX,XX,XX,YY,XX,YY,YY,XX,XX,XX,YY,XY,XX,XY,XX,XY,YY,XX,XY,YY,YY,XY,XX,XX,XY,XY,XX,XX,XX,XX,XY,XX,XY,XY,No Call,XX,XX,YY,XX,YY,XX,XX,YY,XX,XX,XX,XX,XY,XY,XY,XX,YY,YY,XY,XX,XY,XX,XY,XX,XY,No Call,YY,XX,XX,XX,XY,XY,YY,YY,XY,XY,YY,YY,XY
75,1590-97276,YY,XY,No Call,No Call,XX,XY,XX,YY,YY,YY,XX,XX,XX,XX,XX,XY,YY,YY,YY,XY,YY,XX,XX,XX,XX,YY,XY,XY,YY,XX,XX,XX,YY,XY,XY,XY,XX,YY,XX,XX,YY,XX,XX,XX,XX,XX,YY,XY,XX,XY,XX,XX,XY,XY,XX,YY,No Call,XX,YY,XY,XX,XY,XX,XX,XY,XX,XY,XX,YY,XX,XY,YY,XX,XY,XX,YY,XX,XY,XX,XX,YY,YY,No Call,YY,XX,XX,XX,XX,XY,YY,YY,YY,XX,YY,YY,YY
76,1590-97277,XX,YY,No Call,No Call,XX,YY,XY,YY,XX,YY,XX,XX,XY,XX,XY,XX,XY,YY,XY,XX,XY,XX,XX,XX,XX,XX,XX,XY,YY,XX,XX,XX,YY,YY,XY,XX,XX,XY,XY,XX,YY,YY,XX,XX,XY,XX,XY,XX,XX,YY,XX,XX,XX,XX,XX,YY,No Call,XX,XX,YY,XX,XY,XX,XX,XY,XX,XY,XX,YY,XY,XX,XY,XX,YY,YY,YY,XX,XX,XY,XY,XX,YY,No Call,XX,XX,YY,XX,XX,XX,YY,YY,XX,YY,YY,YY,XX
77,1710-20522,YY,YY,No Call,No Call,XY,XY,XX,YY,XX,YY,XY,XX,XY,XX,XY,XY,XY,XY,YY,YY,XY,XY,XX,XX,XX,YY,XY,YY,YY,XX,XY,XX,XY,XX,XX,XY,XX,XX,YY,XX,XX,YY,XX,XX,XX,XX,YY,YY,XX,XX,XX,XX,XX,XX,XX,YY,No Call,XX,XX,YY,XX,YY,XX,XX,XX,XY,XY,XY,XX,XX,XX,XY,XX,YY,XY,YY,XX,XY,XX,XX,XY,XY,No Call,XX,XX,XY,XX,XX,XY,YY,YY,XX,XY,YY,YY,XY
78,1710-20523,XX,YY,No Call,No Call,XX,XY,XX,YY,XX,YY,XX,XX,XY,XY,XY,YY,YY,YY,YY,YY,XY,XX,XY,XX,XX,XX,XX,XX,YY,XX,XY,XX,YY,XY,XX,YY,XX,XX,YY,YY,XX,XY,XX,XX,XX,XX,YY,XY,XX,XY,XX,XX,XY,XX,XX,YY,No Call,XX,XX,YY,XX,YY,XX,XX,XY,XX,XY,XY,YY,XX,XX,YY,XX,XX,XY,YY,XX,XX,XX,XX,XY,XX,No Call,XX,XX,XX,XX,YY,XY,YY,YY,XY,XY,YY,YY,XX
79,1590-97278,YY,YY,No Call,No Call,XX,XX,XY,YY,XX,XX,XX,XX,YY,XY,XY,XY,YY,YY,XY,XX,YY,XX,XX,XX,XX,YY,XX,XY,YY,XX,XX,YY,XX,XX,XY,XX,XX,XX,XY,XX,YY,YY,XX,XX,XY,XX,YY,YY,XX,XY,XX,XX,XX,XX,XX,XY,No Call,XX,XX,YY,YY,YY,XX,XY,YY,XX,YY,XY,XX,XY,XX,XY,XX,XX,YY,XY,YY,XY,XY,XY,XX,XX,No Call,YY,XX,XY,XX,XX,XY,XX,YY,XX,XY,XY,YY,XY
80,1710-20524,XY,XY,No Call,No Call,XY,XX,YY,YY,XX,YY,XX,XY,XX,XX,XX,YY,YY,YY,YY,YY,YY,XY,XX,XX,XX,XX,XX,XX,YY,XX,XX,XX,YY,XX,XY,XY,XX,XX,XY,XX,YY,XY,XX,XX,XX,XX,YY,XY,XY,XY,XX,XX,XX,XX,XX,YY,No Call,XX,XX,YY,XX,XY,XX,XY,XX,XX,YY,XX,XX,XX,XY,YY,XY,XY,YY,XY,XY,XX,XX,XX,XY,XY,No Call,XX,XY,XX,XX,XY,XX,XY,YY,XY,XY,YY,XY,XY
81,1710-20535,XY,YY,No Call,No Call,XX,YY,XX,YY,XX,YY,XX,XX,XY,XY,XX,XX,YY,XY,XX,XX,YY,XX,XY,XX,XX,XY,XX,XX,XY,XX,XX,XX,YY,XY,XX,XX,XX,XX,YY,XX,XX,YY,XX,XX,XY,XX,YY,XY,XX,XY,XX,XX,XX,XX,XY,XX,No Call,XY,XX,YY,XX,YY,XX,YY,YY,XX,XY,XY,YY,XX,XX,XY,XX,YY,YY,YY,XY,XX,XX,XY,XX,XY,No Call,YY,XX,XY,XX,YY,XY,XY,YY,XX,YY,YY,XX,XY
82,1710-20536,XY,YY,No Call,No Call,XY,XY,XX,YY,XX,XY,XX,XX,YY,XX,XY,XY,YY,XY,YY,XY,YY,XY,XX,XX,XX,XX,XX,XX,XY,XY,YY,XX,XX,XX,XX,XY,XX,XY,XY,YY,YY,YY,XX,XY,XX,XX,YY,XY,XX,XY,XX,XX,XY,XX,YY,YY,No Call,XX,YY,YY,XX,YY,XX,XX,YY,XX,YY,XY,XX,XX,XX,XX,XX,YY,XY,YY,XX,XY,XX,XX,XX,YY,No Call,XX,XX,XX,XY,XX,XY,YY,YY,XX,YY,YY,YY,XY
83,1710-20537,XX,XY,No Call,No Call,XX,XX,XX,YY,XX,YY,XY,XX,XX,XX,XY,YY,XY,YY,YY,XY,YY,XX,XX,XX,XX,XY,XX,XX,XY,XX,XX,XX,YY,XY,XX,XX,XX,XX,XX,XX,YY,YY,XX,XX,XY,XX,YY,XX,XX,YY,XX,XX,XX,XY,XY,YY,No Call,XX,XX,XY,XX,YY,XX,XX,YY,XY,XY,XX,XY,XY,XX,XY,XX,YY,XY,XX,XX,XX,XY,XY,XX,YY,No Call,XX,XX,XY,XX,XY,XY,YY,YY,YY,YY,XY,YY,XY
84,1710-20538,XY,YY,No Call,No Call,YY,XY,XY,XY,XY,YY,XX,XX,XX,XX,XX,XY,XY,YY,YY,XY,XY,XX,XX,XX,XX,YY,XX,YY,YY,XX,XY,XX,YY,XX,XY,XX,XX,XX,XX,XX,YY,YY,XX,XX,XX,XY,YY,XY,XX,XX,XX,XX,XY,XX,XY,YY,No Call,XX,XX,YY,XX,YY,XX,XX,YY,XX,XY,XX,XX,XX,XY,XY,XX,YY,YY,XY,XY,XX,XX,XY,XY,XY,No Call,XX,XX,XY,XX,XY,XX,XY,XY,XX,XX,YY,XY,XY
85,1710-46166,YY,XY,No Call,No Call,YY,YY,XY,XY,XX,YY,XX,XY,XX,XX,XX,XY,YY,YY,YY,YY,YY,XX,XX,XX,XX,XX,XX,XX,YY,XX,XX,XX,XY,XX,YY,XY,XX,XY,XY,XX,YY,YY,XX,XX,XX,XX,YY,YY,XX,XX,XX,XX,XX,XX,XX,XX,No Call,XX,XY,YY,XX,YY,XX,XY,XY,XX,YY,XX,XY,XY,XY,XY,XX,YY,YY,XY,XY,XX,XY,XX,XY,XX,No Call,XX,XX,XX,XY,XX,XX,YY,XY,XY,XX,YY,XX,XY
86,1710-46168,YY,YY,No Call,No Call,YY,XY,YY,YY,XX,YY,XX,XX,XX,XX,XX,YY,YY,YY,YY,XY,XY,XX,XX,XX,XX,XY,XX,XY,YY,XX,XX,XX,XY,XX,XX,XX,XX,XX,XY,XX,XX,YY,XX,XY,XY,XX,XY,XX,XX,YY,XX,XX,XY,XX,XX,YY,No Call,XX,XY,YY,XX,YY,XX,XX,XY,XX,XY,XX,XX,XX,XX,XY,XX,YY,XY,YY,XX,XX,XX,XY,XY,XY,No Call,XX,XX,YY,YY,XX,XY,YY,YY,XX,YY,YY,XY,XX
87,1710-46169,YY,XY,No Call,No Call,XX,XY,XX,YY,XX,YY,XY,XX,XY,XX,XX,XY,XX,XY,YY,XY,YY,XX,XY,XX,XX,XY,XY,XY,XY,XX,XX,XX,YY,XX,XX,XY,XX,XX,XY,XX,XY,XY,XX,XY,XY,XX,YY,XX,XX,XX,XX,XX,XX,XX,XX,XY,No Call,XX,XX,YY,XX,YY,XX,XX,XY,XX,XY,XY,XX,XY,XY,YY,XX,YY,XY,YY,XX,XX,XX,XY,XX,XX,No Call,YY,XX,XX,YY,YY,XY,YY,YY,XX,YY,YY,YY,XY
88,1710-46171,YY,XY,No Call,No Call,XX,XY,XX,YY,XX,XY,XX,XX,XX,XX,XY,YY,YY,YY,YY,XY,YY,XY,XY,XX,XX,No Call,XX,XY,YY,XX,XY,XX,YY,XY,XX,XY,XX,XY,XX,XX,YY,XY,XX,XX,YY,XX,YY,XY,XX,XY,XX,XX,XX,XX,XX,XY,No Call,XX,XX,YY,XX,YY,XX,XX,XY,XX,XY,XX,XX,XY,XX,XY,XX,XX,XX,XY,YY,XX,XX,XX,XY,XY,No Call,XX,XX,XX,No Call,XY,XY,YY,YY,XX,XY,XY,XX,XX
89,1710-46172,XY,YY,No Call,No Call,XX,XX,XY,XY,XX,YY,XX,XX,XX,XX,XX,XX,YY,XY,XY,XX,XY,XX,XX,XX,XX,XY,XX,XX,XX,XX,XX,XX,YY,XX,XX,XY,XX,XY,XY,XX,YY,XY,XX,XX,XX,XX,YY,XX,XX,YY,XX,XX,XY,XX,XX,XY,No Call,XY,XX,YY,XX,YY,XX,XX,YY,XX,XY,XX,XY,XX,XX,XX,XX,YY,XY,YY,XX,XX,XX,XY,YY,XX,No Call,XX,XX,XX,XY,YY,XX,YY,XY,XY,XX,XY,XY,XY
90,1710-20369,XY,XY,No Call,No Call,YY,XY,XX,YY,XX,XY,XX,XX,YY,XX,XX,YY,XY,YY,YY,XX,YY,XX,XX,XX,XX,XY,XX,XY,YY,XX,XY,XX,YY,XX,XX,XX,XX,XX,XX,XX,XY,YY,XY,XX,XX,XX,YY,XY,XX,XY,XX,XX,XX,XX,XX,XX,No Call,XX,XX,YY,XX,YY,XX,XX,XX,XX,XY,YY,YY,XY,XX,YY,XX,XY,YY,YY,YY,XX,YY,XX,XY,XY,No Call,XX,XX,XY,XX,XY,XX,XY,YY,XX,YY,XX,YY,XY
91,1710-20370,XY,YY,No Call,No Call,YY,XX,YY,YY,XY,YY,XY,XX,XY,XX,XX,XX,XY,YY,YY,XX,YY,XX,XX,XX,XX,YY,XX,YY,XY,XX,XX,XX,YY,XY,XX,YY,XX,XX,XY,XX,YY,YY,XX,XX,XX,XX,YY,XY,XX,XY,XX,XX,XY,XY,XX,XY,No Call,XX,XX,YY,XX,XY,XX,XX,XX,XX,YY,XX,XX,XX,XX,YY,XX,XX,XY,XY,XX,XX,XY,XX,XY,XY,No Call,XX,XX,XY,XY,XX,XX,YY,YY,XX,XY,XY,YY,XY
92,1710-20371,YY,XY,No Call,No Call,XX,XY,YY,XY,YY,XY,XX,XX,XY,XY,XX,YY,XY,YY,XY,YY,YY,XX,XY,XX,XX,YY,XX,XX,YY,XX,XX,XX,YY,XY,XX,XY,XX,XY,XY,XX,YY,XY,XX,XX,XX,XX,YY,XY,XX,XY,XX,XX,XX,XY,XX,XY,No Call,XX,XX,YY,XX,YY,XX,XX,YY,XX,XY,XX,YY,YY,XY,YY,XX,XY,YY,XX,XY,XY,XY,XY,XX,YY,No Call,XY,XX,XY,XX,YY,XX,XY,XY,XX,XY,XY,XY,XX
93,SEIA01,XX,XX,No Call,No Call,XY,XY,XY,YY,XX,YY,XX,XX,YY,XX,XX,YY,YY,YY,YY,XY,YY,XY,XX,XX,XX,XY,XX,XY,YY,XX,XX,XX,YY,XX,XY,XX,XX,YY,XX,XX,XY,YY,XX,XX,XX,XX,YY,XY,XX,XY,XX,XX,XY,XX,XY,XY,No Call,XY,XX,YY,XX,YY,XX,XX,YY,XX,XY,XY,XY,YY,XX,XY,XX,XY,YY,YY,YY,XY,XY,XY,XX,YY,No Call,XX,XX,YY,XX,XY,XX,YY,YY,XY,XX,XY,YY,XY
94,SEIA02,XX,YY,No Call,No Call,XX,XX,XX,YY,XX,YY,XY,XX,XX,XX,XY,XY,XY,YY,XY,XY,YY,XY,XY,XX,XX,YY,XX,XY,YY,XX,XY,XX,XY,XX,XX,XY,XX,XX,XX,YY,YY,YY,XX,XX,XX,XX,YY,XX,XX,XY,XX,XX,XY,XX,XX,XY,No Call,XY,XX,YY,XX,YY,XX,XX,YY,XX,YY,XX,XX,XX,XX,XY,XX,XY,XY,XY,XX,XX,XX,XY,XY,XY,No Call,YY,XX,XY,XX,YY,XY,YY,YY,XX,XY,YY,XY,XY
95,NTC,NTC,NTC,NTC,NTC,NTC,NTC,NTC,NTC,NTC,NTC,NTC,NTC,NTC,NTC,NTC,NTC,NTC,NTC,NTC,NTC,NTC,NTC,NTC,NTC,NTC,NTC,NTC,NTC,NTC,NTC,NTC,NTC,NTC,NTC,NTC,NTC,NTC,NTC,NTC,NTC,NTC,NTC,NTC,NTC,NTC,NTC,NTC,NTC,NTC,NTC,NTC,NTC,NTC,NTC,NTC,NTC,NTC,NTC,NTC,NTC,NTC,NTC,NTC,NTC,NTC,NTC,NTC,NTC,NTC,NTC,NTC,NTC,NTC,NTC,NTC,NTC,NTC,NTC,NTC,NTC,NTC,NTC,NTC,NTC,NTC,NTC,NTC,NTC,NTC,NTC,NTC,NTC,NTC,NTC,NTC,NTC
96,NTC,NTC,NTC,NTC,NTC,NTC,NTC,NTC,NTC,NTC,NTC,NTC,NTC,NTC,NTC,NTC,NTC,NTC,NTC,NTC,NTC,NTC,NTC,NTC,NTC,NTC,NTC,NTC,NTC,NTC,NTC,NTC,NTC,NTC,NTC,NTC,NTC,NTC,NTC,NTC,NTC,NTC,NTC,NTC,NTC,NTC,NTC,NTC,NTC,NTC,NTC,NTC,NTC,NTC,NTC,NTC,NTC,NTC,NTC,NTC,NTC,NTC,NTC,NTC,NTC,NTC,NTC,NTC,NTC,NTC,NTC,NTC,NTC,NTC,NTC,NTC,NTC,NTC,NTC,NTC,NTC,NTC,NTC,NTC,NTC,NTC,NTC,NTC,NTC,NTC,NTC,NTC,NTC,NTC,NTC,NTC,NTC

SNP Converted Calls
,,01,02,03,04,05,06,07,08,09,10,11,12,13,14,15,16,17,18,19,20,21,22,23,24,25,26,27,28,29,30,31,32,33,34,35,36,37,38,39,40,41,42,43,44,45,46,47,48,49,50,51,52,53,54,55,56,57,58,59,60,61,62,63,64,65,66,67,68,69,70,71,72,73,74,75,76,77,78,79,80,81,82,83,84,85,86,87,88,89,90,91,92,93,94,95,96
,,brew_tra_14,brew_tra_7,climate_08,climate_16,climate_24,ext_pure_Kern_8,ext_tra_10,ext_tra_3,Kern_SD_2,tra_EW_4,WM_ext_3,WM_Kern_5,brew_tra_15,brew_tra_8,climate_09,climate_17,ext_pure_Kern_1,ext_pure_Kern_9,ext_tra_11,ext_tra_4,Kern_SD_3,tra_EW_5,WM_ext_4,WM_Kern_6,brew_tra_16,brew_tra_9,climate_10,climate_18,ext_pure_Kern_2,ext_pure_SD_1,ext_tra_12,ext_tra_5,Kern_SD_4,tra_EW_6,WM_ext_5,WM_Kern_7,brew_tra_2,climate_01,climate_11,climate_19,ext_pure_Kern_3,ext_pure_SD_2,ext_tra_13,ext_tra_6,Kern_SD_5,tra_EW_7,WM_ext_6,WM_SD_1,brew_tra_3,climate_02,climate_12,climate_20,ext_pure_Kern_4,ext_pure_SD_3,ext_tra_14,ext_tra_7,Kern_SD_7,tra_EW_8,WM_Kern_1,WM_SD_2,brew_tra_4,climate_03,climate_13,climate_21,ext_pure_Kern_5,ext_pure_SD_4,ext_tra_15,ext_tra_8,tra_EW_1,tra_EW_9,WM_Kern_2,WM_SD_3,brew_tra_5,climate_04,climate_14,climate_22,ext_pure_Kern_6,ext_pure_SD_5,ext_tra_16,ext_tra_9,tra_EW_2,WM_ext_1,WM_Kern_3,WM_SD_4,brew_tra_6,climate_06,climate_15,climate_23,ext_pure_Kern_7,ext_tra_1,ext_tra_2,Kern_SD_1,tra_EW_3,WM_ext_2,WM_Kern_4,WM_SD_5
01,2240-94365,C:T,A:A,No Call,No Call,C:C,G:A,G:G,C:T,C:C,T:T,C:A,T:C,A:A,T:T,C:A,A:C,G:A,A:A,A:C,C:C,G:G,C:C,G:G,C:C,G:A,C:C,T:C,T:T,C:C,C:C,C:C,A:A,C:C,A:C,A:G,G:G,G:G,A:A,C:C,C:C,G:G,G:G,C:C,A:G,G:G,G:T,C:C,T:C,C:T,T:T,C:C,G:G,A:A,G:G,T:T,T:C,No Call,T:C,C:C,T:T,T:C,C:C,C:C,G:G,C:C,T:T,G:A,C:T,A:A,G:G,C:G,T:C,A:A,G:G,G:G,T:T,C:C,G:G,G:A,A:A,T:T,A:A,No Call,A:A,C:G,G:G,T:C,G:G,G:G,G:A,T:C,G:G,G:A,A:A,G:G,C:C
02,2240-94367,C:C,A:A,No Call,No Call,T:T,A:A,G:G,C:C,C:C,C:C,C:C,T:T,A:A,T:C,C:C,A:C,G:G,A:A,A:A,C:T,G:G,C:C,G:A,C:C,A:A,C:C,T:T,T:T,T:T,C:C,T:T,G:G,C:C,A:A,G:G,A:G,A:A,A:A,T:C,C:C,G:G,A:G,C:C,G:G,G:G,G:G,T:T,C:C,C:C,T:C,C:C,G:G,A:G,G:A,T:T,T:T,No Call,T:T,T:T,T:T,C:C,C:C,C:C,G:G,C:C,T:T,G:A,C:T,G:G,G:G,C:C,C:C,A:G,A:G,G:G,T:T,C:C,G:G,G:A,A:A,T:T,T:A,No Call,G:G,C:C,G:T,T:C,G:G,G:A,G:G,T:T,G:A,G:G,G:G,A:G,C:C
03,2240-94395,C:C,A:A,No Call,No Call,C:C,G:A,G:G,C:C,C:C,T:T,C:C,C:C,G:A,T:C,A:A,C:C,G:A,A:A,A:A,T:T,A:G,C:T,G:G,C:C,G:A,C:C,T:C,T:T,C:T,C:C,T:C,G:G,C:C,C:C,A:A,A:A,A:A,A:A,T:C,C:C,A:G,G:G,C:C,G:G,G:A,G:T,C:C,C:C,T:T,T:C,C:C,G:G,A:G,G:G,C:C,T:T,No Call,T:T,T:C,A:T,C:C,C:C,C:C,G:C,A:C,T:T,A:A,T:T,G:G,G:A,C:C,T:C,G:G,G:G,G:G,T:T,C:C,G:A,A:A,A:A,G:T,A:A,No Call,A:A,G:G,G:G,T:C,G:G,G:G,G:G,T:T,G:A,A:A,A:A,G:G,C:T
04,2330-99704,C:C,A:G,No Call,No Call,C:C,G:G,A:A,T:T,C:C,C:C,C:A,T:T,A:A,T:C,C:A,A:A,A:A,A:A,A:C,C:C,G:G,C:C,G:G,C:C,G:A,C:C,T:C,T:T,C:T,C:C,T:C,A:A,C:C,A:A,A:A,G:G,A:A,A:A,T:T,C:C,G:G,G:G,C:C,G:G,G:G,G:T,C:C,C:C,C:C,T:T,C:C,G:G,A:A,G:G,T:T,T:T,No Call,T:T,T:T,T:T,T:C,C:C,C:C,G:G,C:C,T:T,A:A,C:T,A:A,A:A,C:G,T:C,A:G,A:G,G:G,T:T,C:C,G:G,A:A,G:A,T:T,A:A,No Call,G:G,C:C,G:T,T:T,C:C,G:G,A:A,C:C,G:G,A:A,G:G,G:G,C:C
05,2330-99706,C:C,A:A,No Call,No Call,T:C,G:A,G:G,C:C,C:C,T:C,C:A,C:C,A:A,C:C,A:A,A:A,A:A,A:A,A:A,T:T,G:G,C:T,G:G,C:C,A:A,C:C,T:T,T:A,C:C,C:C,T:T,G:G,T:C,A:C,A:G,A:G,A:A,A:A,T:C,C:C,G:G,A:G,C:C,A:A,A:A,G:T,C:C,C:C,C:T,T:C,C:C,G:G,A:A,G:G,T:T,T:T,No Call,T:T,C:C,T:T,C:C,C:C,C:C,G:G,A:C,T:T,A:A,T:T,G:G,A:A,C:C,T:C,G:G,A:G,A:G,T:T,C:C,G:G,A:A,A:A,T:T,A:A,No Call,G:G,G:G,T:T,T:C,C:C,G:A,G:G,T:T,G:G,G:A,A:A,G:G,C:C
06,2330-99708,C:C,A:A,No Call,No Call,T:T,A:A,A:G,C:C,C:C,C:C,C:C,C:C,A:A,T:T,C:C,A:A,A:A,G:A,A:C,C:T,G:G,C:C,G:A,C:C,G:G,C:C,T:C,A:A,T:T,C:C,C:C,G:G,C:C,A:C,A:A,A:A,A:A,A:G,T:C,C:C,G:G,G:G,C:C,G:G,G:A,G:T,C:C,T:C,T:T,T:C,C:C,G:A,A:A,G:G,T:C,T:C,No Call,T:T,C:C,A:T,C:C,T:C,C:C,G:C,C:C,T:T,A:A,T:T,G:G,G:G,C:G,T:C,G:G,G:G,A:G,G:T,C:C,G:G,A:A,A:A,G:G,A:A,No Call,G:G,G:G,G:G,T:T,G:G,G:G,G:A,T:T,A:A,A:A,A:A,G:G,C:C
07,2330-99709,C:C,A:A,No Call,No Call,C:C,G:A,A:G,C:C,C:C,T:C,C:C,C:C,A:A,C:C,C:C,A:C,A:A,G:A,A:A,T:T,G:G,C:C,G:G,C:C,G:G,C:C,C:C,T:T,T:T,C:C,T:C,G:G,T:C,A:A,A:A,A:A,A:A,A:A,T:C,C:C,G:G,G:G,C:C,A:G,G:G,T:T,T:T,T:C,T:T,T:T,C:C,G:G,A:A,G:G,C:C,T:C,No Call,T:C,C:C,T:T,T:C,C:C,C:C,G:G,A:C,T:T,G:A,T:T,G:G,G:G,C:G,C:C,A:G,G:G,A:G,T:T,C:C,G:G,A:A,A:A,G:G,A:A,No Call,A:A,G:G,G:G,T:T,G:G,G:G,A:A,T:T,G:A,G:G,A:A,G:G,C:T
08,2330-99713,No Call,A:G,No Call,No Call,C:C,G:A,G:G,C:T,C:C,T:C,C:A,T:T,A:A,T:C,C:C,A:C,G:A,A:A,A:C,C:T,G:G,C:T,G:G,C:C,G:A,C:T,T:C,T:A,T:T,C:C,No Call,A:A,C:C,No Call,A:G,A:G,G:A,A:A,T:T,C:C,A:G,G:G,C:T,A:G,G:A,G:G,T:C,T:C,C:T,T:C,C:C,G:G,A:G,G:A,T:C,T:C,No Call,T:C,T:C,T:T,T:C,C:C,C:C,G:G,A:C,T:T,G:A,C:T,G:G,A:A,C:G,T:C,A:A,A:G,G:G,T:T,C:C,G:G,G:G,G:A,G:T,T:A,No Call,G:A,C:C,G:T,T:C,G:C,G:G,G:A,T:C,G:A,G:A,A:A,G:G,C:C
09,2330-99715,C:C,A:A,No Call,No Call,T:T,A:A,G:G,C:C,C:C,C:C,C:A,C:C,A:A,T:C,C:C,C:C,A:A,A:A,A:A,T:T,G:G,C:C,G:G,C:C,G:A,C:C,T:C,T:A,T:T,C:C,T:C,G:G,C:C,A:C,A:G,A:A,G:A,A:G,T:C,C:C,A:A,G:G,C:C,G:G,G:G,G:T,T:C,C:C,T:T,C:C,C:C,G:G,A:A,G:A,T:T,C:C,No Call,T:C,T:T,T:T,C:C,C:C,C:C,G:C,A:C,T:C,A:A,T:T,G:G,G:A,G:G,T:C,G:G,G:G,G:G,T:T,C:C,G:G,G:A,A:A,T:T,A:A,No Call,A:A,G:G,G:G,T:T,G:C,G:G,G:G,T:T,G:A,G:A,G:G,G:G,C:C
10,2330-99717,C:C,A:A,No Call,No Call,T:C,A:A,G:G,C:C,C:C,T:C,C:C,T:T,A:A,C:C,C:C,C:C,A:A,G:A,A:A,T:T,G:G,C:C,G:G,C:C,A:A,C:C,T:C,T:T,C:T,C:C,T:C,G:G,C:C,C:C,G:G,A:G,G:A,A:A,T:C,C:C,G:G,G:G,C:T,G:G,G:G,G:T,C:C,T:C,C:T,T:C,C:C,G:G,A:A,G:G,T:C,T:T,No Call,T:T,T:C,T:T,C:C,T:T,C:C,C:C,C:C,T:C,A:A,C:T,G:A,G:A,C:C,C:C,A:G,G:G,A:G,T:T,C:C,G:A,A:A,A:A,T:T,A:A,No Call,A:A,C:C,G:G,T:T,G:G,G:A,G:A,T:T,G:A,G:G,A:A,A:G,C:T
11,2240-94344,C:C,A:G,No Call,No Call,C:C,G:G,A:G,C:T,C:C,T:C,C:C,T:T,A:A,C:C,C:A,A:C,A:A,A:A,A:A,T:T,G:G,C:C,G:G,C:C,G:A,C:C,C:C,T:T,C:C,C:C,T:C,G:G,C:C,A:C,G:G,A:A,G:A,A:G,T:C,C:C,A:A,G:G,C:C,A:G,G:A,G:T,C:C,T:C,C:T,C:C,C:C,G:G,A:A,G:G,T:T,T:C,No Call,T:T,T:T,T:T,C:C,C:C,C:T,C:C,A:C,T:T,A:A,C:T,No Call,G:G,G:G,T:T,A:A,A:G,A:G,G:T,C:C,G:G,A:A,A:A,G:G,T:A,No Call,A:A,C:C,G:G,T:C,G:G,G:G,G:G,T:C,A:A,A:A,A:A,G:G,C:C
12,2240-94345,C:C,A:A,No Call,No Call,T:C,A:A,G:G,C:C,C:C,C:C,C:C,C:C,A:A,T:C,C:A,A:C,A:A,A:A,A:A,T:T,G:G,C:C,G:G,C:C,G:A,C:C,T:C,T:T,C:T,C:C,C:C,G:G,C:C,A:C,A:G,G:G,G:A,A:A,T:C,C:C,G:G,G:G,T:T,A:G,G:A,G:G,T:C,C:C,T:T,T:T,C:C,G:G,A:A,G:G,T:T,T:C,No Call,T:T,T:C,T:T,T:C,C:C,C:C,C:C,A:C,T:T,G:A,C:C,G:A,G:A,C:G,C:C,G:G,G:G,G:G,G:T,C:C,G:G,A:A,A:A,G:T,T:T,No Call,G:G,G:G,G:G,T:T,C:C,G:G,G:A,T:T,G:G,A:A,A:A,G:G,C:T
13,2240-94346,C:C,A:A,No Call,No Call,C:C,A:A,G:G,C:C,C:C,T:C,C:C,C:C,A:A,T:T,C:A,C:C,G:A,G:A,A:C,C:T,G:G,C:T,G:A,C:C,G:A,C:C,T:C,T:T,T:T,C:C,T:C,G:G,C:C,A:A,A:G,A:G,G:A,A:G,T:C,C:C,A:A,A:G,C:C,G:G,G:G,G:G,C:C,T:C,T:T,C:C,C:C,G:G,A:A,G:G,T:T,T:T,No Call,T:T,T:T,T:T,T:T,C:C,C:C,G:G,C:C,T:T,A:A,T:T,G:G,G:A,C:C,T:T,A:G,A:G,A:G,T:T,C:C,G:G,G:A,A:A,G:G,A:A,No Call,A:A,G:G,G:G,T:T,G:C,G:A,G:A,T:T,G:G,G:A,G:A,G:G,C:C
14,2240-94347,C:C,A:A,No Call,No Call,T:T,G:A,G:G,C:C,C:C,T:C,C:C,C:C,A:A,T:C,A:A,C:C,G:A,A:A,A:A,C:T,G:G,C:C,A:A,C:C,G:G,C:C,C:C,T:T,C:C,C:C,C:C,G:G,T:C,A:C,A:G,A:G,G:A,A:G,C:C,C:C,A:G,G:G,C:T,A:G,G:G,G:T,T:C,T:C,T:T,C:C,C:C,G:G,A:A,G:G,T:C,T:C,No Call,T:T,T:C,T:T,C:C,T:C,C:C,G:C,A:C,T:T,G:A,C:T,G:G,G:A,C:G,T:C,A:G,G:G,G:G,G:T,C:C,G:G,G:A,A:A,G:T,A:A,No Call,G:G,G:G,G:G,T:T,C:C,G:G,G:G,T:T,G:G,No Call,A:A,G:G,C:T
15,2240-94361,C:C,A:G,No Call,No Call,T:C,A:A,G:G,C:T,C:C,C:C,C:A,T:C,G:G,C:C,C:C,A:A,A:A,G:A,A:A,T:T,A:A,C:C,G:A,C:C,G:G,C:T,T:C,T:A,T:T,C:C,T:T,A:A,C:C,A:C,A:A,A:A,G:G,A:G,T:T,C:C,G:G,G:G,C:C,A:G,G:G,T:T,T:C,T:T,C:T,T:T,C:C,G:G,A:G,G:G,T:T,T:T,No Call,T:T,T:C,T:T,T:T,T:C,C:C,C:C,A:C,T:C,G:A,T:T,G:G,A:A,C:G,T:C,A:A,G:G,A:G,G:T,C:C,G:G,A:A,A:A,G:T,A:A,No Call,G:G,C:G,G:G,C:C,C:C,G:G,G:A,T:C,G:A,A:A,G:G,G:G,C:T
16,2240-94362,C:C,A:A,No Call,No Call,T:T,A:A,G:G,C:C,C:C,T:C,C:C,T:C,A:A,T:C,C:C,A:C,G:A,A:A,A:A,C:T,G:G,C:C,G:G,C:C,A:A,C:C,T:C,A:A,C:T,C:C,C:C,G:G,T:C,A:C,A:G,A:G,A:A,A:G,T:T,C:C,G:G,G:G,C:C,A:A,G:G,G:T,T:T,C:C,C:T,C:C,C:C,G:G,A:G,G:A,T:T,T:C,No Call,T:T,T:T,T:T,C:C,C:C,C:T,G:G,C:C,T:T,G:A,C:T,A:A,A:A,G:G,T:C,A:A,A:A,A:G,G:T,C:C,G:G,G:A,A:A,T:T,A:A,No Call,G:G,C:G,G:T,T:T,G:G,G:A,G:G,T:T,G:A,G:A,G:G,G:G,C:C
17,2240-94363,C:C,A:A,No Call,No Call,T:C,A:A,G:G,C:C,C:C,C:C,C:A,C:C,A:A,T:C,C:C,A:C,G:A,A:A,A:C,T:T,A:G,C:C,G:G,C:C,A:A,C:C,T:C,T:T,C:T,C:C,T:T,A:A,T:C,A:C,A:G,A:A,A:A,A:A,T:C,C:C,A:G,G:G,C:C,G:G,G:G,G:T,C:C,T:C,T:T,T:C,C:C,G:G,A:A,G:G,T:T,T:T,No Call,T:T,T:T,T:T,T:C,T:T,C:C,G:C,C:C,T:T,G:A,T:T,G:G,A:A,C:C,C:C,A:A,G:G,G:G,G:T,C:C,G:G,G:G,A:A,G:T,A:A,No Call,A:A,G:G,G:G,T:T,G:G,G:G,G:G,T:T,G:G,G:G,G:G,G:G,C:T
18,2240-94366,C:C,A:G,No Call,No Call,T:T,G:A,A:G,C:C,C:C,T:C,C:C,T:C,A:A,C:C,C:C,C:C,G:A,A:A,A:C,T:T,G:G,C:T,G:G,C:C,G:A,C:C,T:C,T:T,T:T,C:C,C:C,A:A,C:C,A:A,A:G,A:A,G:A,G:G,T:C,C:C,G:G,G:G,C:C,A:G,G:G,G:T,C:C,T:C,C:T,T:C,C:C,G:G,A:A,G:G,T:C,T:C,No Call,T:C,T:T,T:T,T:C,C:C,C:T,G:G,C:C,T:T,G:A,C:T,G:G,G:A,C:G,T:C,A:A,G:G,G:G,G:T,C:C,G:A,G:A,G:G,T:T,A:A,No Call,A:A,C:G,G:G,T:C,C:C,G:A,G:A,T:T,G:A,A:A,A:A,G:G,C:T
19,2240-94368,C:C,A:A,No Call,No Call,T:C,G:A,G:G,T:T,C:C,T:T,C:A,T:C,G:G,C:C,A:A,A:A,A:A,A:A,A:A,T:T,G:G,C:C,G:G,C:C,G:A,C:C,T:C,T:T,T:T,C:C,C:C,G:G,C:C,C:C,A:G,A:A,G:A,A:G,T:C,C:C,A:G,G:G,C:C,G:G,G:G,G:G,T:C,T:C,C:T,C:C,C:C,G:G,A:A,G:G,T:C,T:C,No Call,T:T,T:C,T:T,C:C,T:C,C:C,G:G,A:C,T:T,G:A,C:T,G:G,G:A,C:C,T:C,A:A,G:G,G:G,T:T,C:C,G:G,A:A,A:A,G:G,A:A,No Call,G:G,C:G,G:G,T:T,C:C,G:A,G:G,T:C,G:A,A:A,G:G,G:G,C:C
20,2240-94396,C:C,A:A,No Call,No Call,T:T,G:G,G:G,C:C,C:C,C:C,C:A,T:C,G:A,C:C,A:A,C:C,A:A,G:A,A:A,T:T,G:G,C:T,A:A,C:C,A:A,C:T,T:C,T:T,T:T,C:C,T:C,G:G,T:C,A:C,A:A,A:G,G:G,A:G,C:C,G:G,A:A,G:G,C:T,A:G,G:G,No Call,C:C,T:T,C:T,T:C,C:C,G:G,A:G,G:G,C:C,T:C,No Call,T:T,C:C,A:T,C:C,C:C,C:C,G:C,A:C,T:T,G:A,C:T,G:G,G:G,C:G,T:T,A:G,G:G,A:G,T:T,C:C,G:G,G:G,A:A,T:T,A:A,No Call,G:G,C:G,G:T,T:T,G:C,G:G,G:G,T:C,G:G,G:A,G:G,G:G,C:C
21,2240-94397,C:C,A:A,No Call,No Call,T:T,A:A,A:A,C:C,C:C,C:C,C:C,C:C,G:A,T:C,C:C,A:C,G:A,A:A,A:C,T:T,G:G,C:T,G:G,C:C,G:A,C:C,T:T,T:T,T:T,C:C,T:C,A:G,T:C,A:C,A:G,A:G,G:G,G:G,C:C,C:C,G:G,G:G,C:C,A:G,A:A,G:T,C:C,C:C,C:T,T:C,C:C,G:G,A:A,G:A,T:T,T:T,No Call,T:T,T:T,T:T,C:C,T:C,C:C,G:C,A:C,T:T,A:A,T:T,G:G,A:A,C:G,C:C,A:G,G:G,G:G,G:T,C:C,G:A,G:G,G:A,T:T,T:T,No Call,A:A,G:G,G:T,T:T,G:C,G:G,G:A,T:T,G:G,A:A,A:A,G:G,C:C
22,2240-94398,C:C,A:G,No Call,No Call,T:C,G:A,A:G,C:T,C:C,T:C,C:C,T:C,G:A,C:C,C:C,A:C,G:A,A:A,A:A,C:T,G:G,C:C,G:G,C:C,G:A,C:C,T:T,T:T,C:C,C:C,T:C,G:G,T:C,C:C,A:G,A:G,G:G,A:A,T:C,C:C,A:G,A:G,C:C,G:G,G:G,G:G,C:C,T:C,T:T,T:T,C:C,G:G,A:A,G:G,T:T,T:T,No Call,T:T,T:T,T:T,T:C,T:C,C:C,G:G,C:C,T:T,G:A,C:T,G:G,G:A,C:G,T:C,G:G,G:G,G:G,T:T,C:C,G:A,A:A,A:A,G:T,A:A,No Call,G:G,C:G,T:T,T:T,G:C,G:G,G:G,T:T,G:G,A:A,A:A,G:G,C:T
23,2240-94399,C:C,A:G,No Call,No Call,T:T,G:A,G:G,C:T,C:C,C:C,C:C,T:T,G:G,T:C,C:C,C:C,G:G,A:A,A:C,T:T,G:G,C:C,G:A,C:C,A:A,C:T,T:C,T:T,C:T,C:C,C:C,G:G,C:C,A:C,G:G,A:G,G:G,A:A,T:T,C:C,A:A,G:G,C:C,A:G,G:G,G:T,C:C,T:C,C:C,T:C,C:C,G:G,A:G,G:A,T:T,T:T,No Call,T:T,C:C,T:T,T:C,C:C,C:C,G:G,C:C,T:T,A:A,T:T,G:G,G:A,C:G,C:C,A:A,G:G,G:G,T:T,C:T,G:G,G:A,G:A,G:G,T:A,No Call,G:G,C:C,G:T,T:T,G:C,G:G,G:G,T:T,G:G,A:A,G:G,G:G,T:T
24,2240-94400,C:C,A:A,No Call,No Call,T:T,A:A,G:G,C:C,C:C,C:C,A:A,C:C,G:A,C:C,C:C,C:C,A:A,A:A,A:C,T:T,G:G,C:T,G:A,C:C,G:G,C:C,T:C,T:A,C:T,C:C,C:C,G:G,C:C,A:A,G:G,A:G,G:A,A:A,T:C,C:C,A:A,G:G,C:T,A:G,G:A,G:G,C:C,C:C,T:T,T:C,C:C,G:G,A:A,G:G,T:C,T:C,No Call,T:T,T:T,T:T,C:C,C:C,C:C,G:G,A:A,T:T,G:G,C:C,G:G,A:A,C:C,C:C,G:G,A:G,A:G,G:T,C:C,G:G,A:A,G:G,G:T,T:A,No Call,A:A,G:G,G:T,T:T,C:C,G:G,G:G,T:T,G:A,A:A,G:G,A:G,C:C
25,2330-99701,C:C,A:A,No Call,No Call,T:C,G:G,G:G,C:C,T:T,C:C,C:A,C:C,A:A,T:T,A:A,C:C,A:A,A:A,A:A,T:T,G:G,C:T,G:G,C:C,G:G,C:C,T:T,T:T,T:T,C:C,T:T,G:G,C:C,A:C,A:G,A:A,A:A,A:G,T:T,C:C,G:G,G:G,C:C,A:G,A:A,G:T,C:C,T:C,T:T,T:C,C:C,G:G,A:A,G:A,C:C,T:C,No Call,T:T,C:C,T:T,T:C,T:C,C:C,G:C,C:C,T:T,G:A,C:T,G:G,G:A,C:G,T:C,A:G,A:G,G:G,T:T,C:C,G:G,G:A,A:A,T:T,A:A,No Call,A:A,G:G,G:G,T:T,C:C,G:G,G:G,T:T,G:G,G:G,A:A,G:G,C:C
26,2330-99702,C:C,G:G,No Call,No Call,T:T,G:A,G:G,C:C,C:C,T:T,A:A,T:C,G:A,C:C,C:C,A:A,G:G,A:A,A:A,C:T,G:G,C:C,G:G,C:C,G:G,C:C,T:T,T:A,T:T,C:C,T:C,A:G,C:C,C:C,A:A,A:G,G:G,A:A,T:T,C:C,G:G,G:G,C:C,G:G,G:G,No Call,T:T,T:T,T:T,C:C,C:C,G:G,A:A,G:G,C:C,T:T,No Call,T:T,C:C,T:T,C:C,T:C,C:C,G:G,A:C,T:T,G:G,C:C,G:G,A:A,C:G,C:C,A:A,G:G,G:G,T:T,C:C,G:A,G:G,A:A,G:T,A:A,No Call,G:G,C:G,G:G,T:C,C:C,G:G,G:G,T:C,G:G,No Call,A:A,G:G,T:T
27,2330-99703,C:C,A:A,No Call,No Call,T:C,G:G,G:G,C:C,C:C,T:C,C:C,C:C,A:A,C:C,C:C,A:C,G:A,A:A,A:C,T:T,A:G,C:T,A:A,C:C,A:A,C:C,T:C,T:A,T:T,C:C,C:C,G:G,C:C,A:A,A:A,A:A,G:A,A:G,T:C,C:C,G:G,G:G,C:C,A:G,A:A,T:T,C:C,T:C,T:T,T:T,C:C,G:G,A:A,G:G,C:C,T:C,No Call,T:T,T:C,T:T,T:C,C:C,C:C,C:C,A:A,T:T,A:A,C:T,G:G,G:G,C:G,C:C,A:G,G:G,G:G,G:T,C:C,G:A,G:A,G:A,G:G,A:A,No Call,A:A,G:G,G:G,T:T,G:G,G:G,G:G,T:T,G:A,A:A,A:A,G:G,C:C
28,2330-99705,C:C,A:G,No Call,No Call,T:C,A:A,G:G,C:C,C:C,T:T,C:A,T:C,G:G,C:C,C:C,C:C,G:A,A:A,A:C,T:T,A:G,C:C,G:A,C:C,G:G,C:C,T:T,T:A,T:T,C:C,T:T,A:A,C:C,C:C,A:A,A:G,G:G,A:G,T:T,C:C,G:G,G:G,C:C,G:G,G:G,G:G,T:C,T:T,T:T,C:C,C:C,G:G,A:A,G:G,C:C,T:T,No Call,T:T,C:C,T:T,C:C,T:C,C:C,G:G,C:C,T:T,G:G,C:C,G:G,G:G,C:G,C:C,A:A,G:G,G:G,T:T,C:C,G:G,G:G,A:A,G:G,A:A,No Call,G:G,C:G,G:G,T:C,C:C,G:G,G:G,T:C,G:G,G:G,A:A,G:G,T:T
29,2330-99707,C:C,A:G,No Call,No Call,T:T,G:G,A:G,C:C,C:C,T:C,C:C,C:C,G:A,T:T,C:C,C:C,G:A,A:A,C:C,C:T,A:G,T:T,G:G,C:C,G:G,C:C,T:C,A:A,T:T,C:C,T:T,A:A,C:C,A:A,A:G,G:G,G:G,A:A,T:T,C:C,G:G,G:G,C:T,G:G,G:G,G:T,C:C,T:C,C:T,T:C,C:C,G:G,A:A,G:G,C:C,T:C,No Call,C:C,T:C,T:T,T:C,T:C,C:C,G:C,C:C,T:T,A:A,C:C,G:G,G:G,C:G,T:C,A:G,G:G,A:G,T:T,C:T,G:G,G:G,G:A,G:T,T:T,No Call,A:A,G:G,G:G,T:T,G:C,G:A,G:G,T:T,G:G,A:A,G:G,G:G,C:T
30,2330-99714,C:C,A:A,No Call,No Call,T:T,A:A,G:G,T:T,C:T,C:C,C:C,T:C,A:A,T:C,C:A,A:C,G:G,A:A,A:A,T:T,G:G,C:C,G:A,C:C,G:G,C:C,T:C,A:A,C:T,C:C,T:T,G:G,C:C,A:C,G:G,G:G,G:A,A:A,C:C,C:C,G:G,G:G,C:T,A:G,G:A,G:T,C:C,T:C,C:T,C:C,C:C,G:A,A:A,G:A,C:C,T:C,No Call,T:T,T:C,T:T,C:C,C:C,C:C,G:C,A:C,T:C,A:A,T:T,G:G,G:A,G:G,T:C,A:G,A:A,G:G,T:T,C:C,G:G,G:A,A:A,T:T,A:A,No Call,G:G,C:G,G:G,T:T,G:G,G:A,A:A,C:C,G:G,G:A,G:G,G:G,C:C
31,2330-99716,C:C,A:A,No Call,No Call,T:T,A:A,G:G,C:T,C:C,C:C,C:C,T:C,G:A,T:C,C:C,C:C,G:A,A:A,A:A,C:T,A:G,C:C,A:A,C:C,A:A,C:C,T:C,T:T,T:T,C:C,T:C,G:G,C:C,A:A,G:G,A:G,G:G,A:A,T:C,C:C,G:G,A:G,C:C,G:G,G:A,T:T,C:C,T:C,C:T,C:C,C:C,G:G,A:G,G:A,T:T,C:C,No Call,T:T,T:T,T:T,C:C,C:C,C:C,G:G,C:C,T:T,A:A,T:T,G:A,G:G,C:G,T:C,A:A,G:G,G:G,G:T,C:C,G:A,G:A,A:A,G:G,T:A,No Call,G:A,C:G,G:G,T:T,G:G,G:G,G:A,T:C,G:A,A:A,A:A,A:G,C:T
32,2330-99727,C:C,A:A,No Call,No Call,T:T,A:A,G:G,C:T,C:C,T:C,C:C,T:T,A:A,T:C,C:A,A:C,A:A,G:A,A:C,T:T,G:G,C:C,A:A,C:C,G:A,C:C,T:C,T:T,T:T,C:C,T:C,G:G,C:C,A:A,A:G,A:A,G:G,A:G,T:T,C:C,G:G,G:G,T:T,A:G,A:A,G:T,C:C,T:T,C:C,T:C,C:C,G:G,A:A,G:G,T:T,T:C,No Call,T:T,T:T,A:T,C:C,C:C,C:C,G:C,A:A,T:T,A:A,T:T,G:A,G:G,G:G,C:C,A:A,G:G,A:A,G:T,C:C,G:G,G:G,A:A,G:G,A:A,No Call,A:A,C:C,G:G,T:T,G:G,G:G,G:A,T:T,G:G,A:A,G:G,A:G,C:T
33,2330-99728,C:C,A:G,No Call,No Call,T:T,G:G,A:G,T:T,C:C,T:C,C:C,T:T,A:A,C:C,C:C,C:C,G:A,A:A,A:C,C:T,A:G,C:C,G:G,C:C,G:G,C:C,C:C,T:T,C:T,C:C,T:T,A:A,C:C,A:A,A:A,A:G,G:G,A:A,T:T,C:C,G:G,A:G,C:T,A:G,G:G,G:G,C:C,T:T,C:C,C:C,C:C,G:G,A:A,G:A,T:T,T:C,No Call,T:T,T:C,A:A,T:T,T:C,C:C,G:G,A:C,T:T,G:A,C:C,G:A,G:A,C:G,T:T,A:A,A:A,G:G,T:T,C:C,G:A,G:G,G:A,T:T,T:T,No Call,A:A,C:C,G:T,T:T,C:C,G:G,G:A,C:C,G:G,G:G,A:A,A:G,C:C
34,2330-99729,C:C,A:A,No Call,No Call,T:T,A:A,G:G,C:C,C:T,T:T,C:C,C:C,A:A,C:C,C:A,A:C,A:A,A:A,A:C,C:T,G:G,C:C,G:G,C:C,G:A,C:C,T:T,T:T,C:T,C:C,C:C,G:G,C:C,A:C,A:G,A:A,G:G,A:A,T:C,C:C,G:G,A:G,C:C,A:G,G:A,T:T,T:C,T:T,T:T,T:C,C:C,G:G,A:A,G:G,C:C,T:C,No Call,T:T,T:T,T:T,C:C,C:C,C:C,G:G,C:C,T:C,G:A,C:T,G:G,A:A,C:G,T:T,A:G,A:G,A:A,G:T,C:C,G:G,A:A,G:G,G:T,T:A,No Call,G:G,G:G,G:G,T:T,C:C,G:G,G:G,T:T,G:A,A:A,A:A,G:G,C:T
35,2330-99730,C:C,A:A,No Call,No Call,C:C,G:A,G:G,C:C,C:C,T:C,C:C,C:C,G:A,C:C,A:A,A:A,A:A,A:A,C:C,T:T,G:G,C:C,G:G,C:C,G:A,C:C,T:C,T:A,C:C,C:C,T:C,G:G,C:C,A:A,A:A,A:A,A:A,A:A,T:T,C:C,G:G,G:G,C:C,G:G,G:A,G:G,T:C,C:C,T:T,T:T,C:C,G:G,A:A,G:G,C:C,T:C,No Call,T:T,T:C,A:T,C:C,C:C,C:C,C:C,A:A,T:T,A:A,T:T,G:A,A:A,C:G,C:C,G:G,G:G,G:G,G:T,C:C,G:G,G:G,G:G,G:T,T:A,No Call,G:G,G:G,G:G,T:T,G:C,G:A,G:G,T:T,G:G,A:A,G:G,G:G,C:C
36,2330-99731,C:C,A:A,No Call,No Call,C:C,G:A,G:G,C:T,C:C,C:C,C:C,T:C,G:A,C:C,C:A,C:C,A:A,A:A,A:C,C:C,G:G,C:C,G:G,C:C,G:G,C:C,T:T,T:T,C:T,C:C,T:C,G:G,C:C,A:C,A:A,A:A,G:G,A:A,T:C,C:C,G:G,G:G,C:T,G:G,G:G,T:T,C:C,C:C,T:T,T:C,C:C,G:G,A:A,G:A,T:T,T:C,No Call,T:C,C:C,A:T,C:C,C:C,C:C,C:C,A:C,T:T,A:A,T:T,G:G,G:A,C:C,C:C,G:G,G:G,A:G,G:T,C:C,G:G,A:A,G:A,G:T,A:A,No Call,A:A,C:G,G:G,T:T,No Call,G:G,G:G,T:T,G:A,No Call,A:A,G:G,C:C
37,2330-99747,C:C,A:G,No Call,No Call,T:T,G:G,G:G,C:C,C:C,C:C,C:C,C:C,A:A,C:C,C:C,A:C,G:A,G:A,A:A,T:T,A:G,C:T,G:G,C:C,A:A,C:C,T:T,T:T,C:C,C:C,T:C,G:G,C:C,A:C,A:G,A:G,A:A,A:G,T:C,C:C,G:G,G:G,C:C,A:G,A:A,G:T,T:T,T:T,C:T,T:C,C:C,G:G,A:A,G:A,T:T,C:C,No Call,T:T,C:C,T:T,C:C,T:T,C:C,G:G,A:C,T:C,G:G,C:T,A:A,G:A,C:G,C:C,A:G,G:G,A:G,G:G,C:C,G:G,G:G,A:A,G:T,T:A,No Call,G:G,G:G,G:G,T:T,G:G,G:G,G:A,T:T,G:G,G:G,A:A,G:G,C:T
38,2330-99748,C:C,A:A,No Call,No Call,C:C,G:A,G:G,C:T,C:C,T:T,C:C,T:T,A:A,T:C,C:A,A:C,G:A,A:A,A:C,T:T,G:G,C:C,A:A,C:C,G:G,T:T,T:T,T:T,C:T,C:C,C:C,A:A,C:C,C:C,G:G,A:A,G:A,G:G,T:C,C:C,G:G,G:G,C:C,G:G,G:G,G:G,C:C,C:C,C:C,T:T,C:C,G:G,A:A,G:A,T:T,T:T,No Call,T:T,C:C,T:T,T:C,T:C,C:C,G:C,A:A,T:T,A:A,T:T,G:A,G:A,C:C,C:C,A:A,G:G,A:G,T:T,C:C,G:A,A:A,G:A,G:T,T:A,No Call,A:A,C:C,G:T,T:T,G:C,G:A,G:G,T:C,G:A,G:A,G:G,A:G,T:T
39,2330-99749,C:C,A:A,No Call,No Call,T:T,G:A,G:G,C:T,C:C,T:T,C:C,T:C,A:A,C:C,A:A,C:C,A:A,A:A,A:A,T:T,G:G,C:C,G:G,C:C,A:A,C:C,T:C,T:T,C:C,C:C,C:C,A:A,C:C,A:C,A:A,A:A,A:A,A:G,T:T,C:C,G:G,G:G,C:C,G:G,G:G,G:T,T:T,T:C,C:T,C:C,C:C,G:G,A:A,A:A,C:C,C:C,No Call,T:T,C:C,T:T,C:C,C:C,C:T,G:G,A:C,T:T,G:A,T:T,G:G,G:G,C:G,C:C,A:G,G:G,A:G,T:T,C:C,G:G,G:A,G:G,G:T,T:A,No Call,G:G,C:G,G:G,T:T,C:C,G:G,G:G,T:T,G:G,A:A,G:A,G:G,C:C
40,2330-99750,C:C,A:A,No Call,No Call,T:T,G:A,A:G,C:T,C:C,T:C,C:C,T:C,A:A,C:C,C:C,A:C,A:A,A:A,A:C,T:T,A:A,C:C,G:G,C:C,G:G,C:C,T:C,T:A,T:T,C:C,T:C,A:A,C:C,A:C,A:G,A:G,G:G,A:G,T:T,C:C,A:G,G:G,C:T,A:G,A:A,G:G,T:C,C:C,C:T,C:C,C:C,G:G,A:G,G:A,T:C,T:C,No Call,T:T,C:C,T:T,C:C,C:C,C:C,G:C,C:C,T:T,A:A,C:T,G:G,A:A,C:C,C:C,A:G,G:G,A:G,G:G,C:C,G:A,A:A,A:A,G:T,A:A,No Call,G:G,C:G,G:T,T:T,G:C,G:G,G:A,T:C,G:A,A:A,G:A,G:G,C:C
41,2330-99751,C:C,A:G,No Call,No Call,T:C,G:A,G:G,C:T,C:C,T:C,C:A,C:C,A:A,T:C,C:C,C:C,G:G,G:A,A:C,C:C,G:G,C:C,G:G,C:C,A:A,C:C,T:C,T:T,C:C,C:C,T:T,G:G,C:C,A:A,A:A,A:A,G:G,A:G,T:C,C:C,G:G,G:G,C:C,A:G,A:A,G:G,C:C,C:C,T:T,C:C,C:C,G:G,A:A,G:G,C:C,T:C,No Call,T:T,C:C,T:T,T:T,T:C,C:C,G:G,A:C,T:T,A:A,C:T,G:G,G:A,C:G,T:C,A:G,A:G,G:G,G:T,C:C,G:G,A:A,A:A,T:T,T:A,No Call,G:G,G:G,G:T,T:T,G:G,G:G,G:A,T:C,G:G,G:A,A:A,G:G,C:C
42,2330-99762,C:C,A:A,No Call,No Call,T:T,A:A,G:G,C:C,C:C,T:C,C:A,T:C,A:A,C:C,A:A,A:C,A:A,G:A,A:C,T:T,A:G,C:C,A:A,C:C,G:A,C:C,T:C,T:A,C:C,C:C,T:C,G:G,C:C,A:C,G:G,A:A,A:A,A:G,T:C,C:C,G:G,G:G,C:C,G:G,G:G,No Call,C:C,C:C,C:T,T:C,C:C,G:G,A:A,G:G,T:T,T:C,No Call,T:C,T:C,T:T,C:C,T:T,C:C,G:G,C:C,T:T,G:A,T:T,No Call,G:A,C:C,C:C,A:G,A:G,A:G,G:T,C:C,G:A,G:A,A:A,G:G,A:A,No Call,G:G,C:G,G:G,T:T,C:C,G:G,G:G,T:T,G:A,A:A,A:A,G:G,C:C
43,2330-99763,C:C,A:A,No Call,No Call,T:T,G:A,G:G,C:C,C:C,T:C,C:A,C:C,A:A,C:C,C:C,A:C,G:A,A:A,A:A,C:C,G:G,C:T,G:G,C:C,G:G,C:C,T:C,T:T,C:T,C:C,C:C,G:G,C:C,A:C,A:G,A:G,G:G,A:A,T:T,C:C,G:G,A:G,C:C,G:G,G:G,G:T,T:C,T:C,T:T,C:C,C:C,G:G,A:A,G:G,T:C,T:C,No Call,T:T,T:C,T:T,C:C,C:C,C:C,G:C,A:A,T:C,A:A,C:T,G:A,G:A,C:G,T:T,A:A,G:G,A:A,T:T,C:C,G:A,A:A,A:A,G:G,A:A,No Call,A:A,G:G,G:G,T:C,G:C,G:G,G:G,T:T,G:G,A:A,A:A,A:G,C:C
44,2330-99764,C:C,A:A,No Call,No Call,C:C,G:A,G:G,C:C,C:T,T:C,A:A,C:C,A:A,C:C,C:A,A:C,G:A,A:A,A:A,T:T,G:G,C:C,G:G,C:C,G:A,C:C,T:T,T:A,C:T,C:C,T:T,G:G,T:C,A:C,A:G,A:G,G:A,G:G,T:C,C:C,A:G,A:G,C:T,G:G,G:A,G:G,C:C,T:C,C:T,T:C,C:C,G:G,A:A,G:G,T:C,T:C,No Call,T:C,T:C,T:T,C:C,C:C,C:C,G:G,A:A,T:T,G:A,T:T,G:G,G:G,C:G,C:C,G:G,A:A,G:G,G:T,C:C,G:G,G:A,A:A,G:G,T:A,No Call,A:A,G:G,G:G,T:C,G:C,G:G,G:G,T:T,G:G,G:A,A:A,A:G,C:C
45,2330-99765,C:C,A:A,No Call,No Call,T:T,A:A,G:G,C:C,C:C,T:C,C:C,C:C,A:A,T:T,C:A,A:C,G:A,A:A,A:A,T:T,G:G,C:T,G:G,C:C,G:G,C:C,T:C,T:T,T:T,C:C,C:C,G:G,C:C,C:C,A:A,A:A,A:A,A:G,T:C,C:C,G:G,G:G,C:C,G:G,G:A,G:T,C:C,T:C,C:T,T:C,C:C,G:G,A:A,G:G,C:C,T:C,No Call,T:T,T:C,T:T,T:C,T:C,C:T,G:G,A:C,T:T,A:A,T:T,G:A,G:A,C:C,C:C,G:G,G:G,A:G,T:T,C:C,G:G,G:A,A:A,G:G,A:A,No Call,G:G,G:G,G:G,T:T,C:C,G:A,G:G,T:T,G:A,G:A,G:G,G:G,C:C
46,2330-99766,C:C,A:A,No Call,No Call,T:T,G:G,G:G,C:C,C:C,T:C,C:C,C:C,G:A,T:C,C:C,A:C,A:A,A:A,A:A,T:T,A:G,C:C,G:G,C:C,G:A,C:C,T:T,T:A,C:T,C:C,T:T,G:G,C:C,A:C,G:G,A:A,G:G,G:G,T:T,G:G,A:G,G:G,C:C,A:G,G:G,No Call,T:T,C:C,T:T,T:T,C:C,G:G,A:A,G:G,T:T,T:C,No Call,T:T,T:T,T:T,C:C,T:C,C:C,C:C,C:C,T:T,G:A,T:T,A:A,G:G,C:G,T:C,G:G,G:G,A:G,T:T,C:C,G:G,G:A,G:A,G:G,A:A,No Call,G:G,G:G,G:G,T:T,C:C,G:G,G:A,T:T,G:G,No Call,A:A,G:G,C:C
47,2330-99777,C:C,A:A,No Call,No Call,T:T,G:A,G:G,T:T,C:C,T:C,C:C,T:C,G:A,T:C,C:C,A:C,G:A,A:A,A:A,T:T,G:G,C:C,G:A,C:C,G:G,C:C,T:T,T:A,C:T,C:C,T:C,G:G,T:C,A:C,A:G,A:A,G:G,A:A,C:C,C:C,A:A,A:G,C:C,A:G,G:G,G:T,C:C,T:C,C:T,T:C,C:C,G:G,A:A,G:G,C:C,T:C,No Call,T:T,C:C,T:T,T:C,C:C,C:C,G:G,C:C,T:T,A:A,C:T,A:A,G:G,C:C,T:C,A:G,A:G,G:G,T:T,C:C,G:G,G:A,G:A,G:G,A:A,No Call,A:A,C:G,G:T,T:C,G:C,G:A,G:A,C:C,G:G,G:A,A:A,G:G,C:T
48,2150-26506,T:T,G:G,No Call,No Call,T:T,A:A,A:G,C:T,C:C,C:C,C:C,T:T,G:A,T:C,A:A,A:A,G:G,G:A,A:C,C:T,G:G,C:C,G:G,C:C,G:G,C:T,C:C,A:A,C:T,C:C,T:T,A:G,T:T,A:C,A:G,A:A,G:G,G:G,T:C,C:C,G:G,A:A,C:C,A:A,G:A,G:T,T:C,C:C,C:C,T:C,C:C,G:G,A:A,G:G,T:C,C:C,No Call,T:T,T:C,T:T,C:C,C:C,C:C,G:G,C:C,T:T,G:G,C:C,G:A,A:A,C:G,C:C,A:A,A:G,A:G,G:T,C:C,G:G,G:G,G:A,G:T,A:A,No Call,A:A,C:C,G:G,T:T,G:C,G:G,G:A,T:C,G:G,G:A,G:G,A:G,T:T
49,2150-26507,C:T,A:A,No Call,No Call,C:C,G:A,A:G,T:T,C:T,T:C,C:C,T:T,G:A,T:T,C:A,A:A,G:A,A:A,A:C,C:C,A:G,C:C,G:G,C:C,A:A,C:T,T:T,T:T,T:T,C:C,T:T,A:A,C:C,A:A,A:A,G:G,G:G,A:A,T:C,C:C,G:G,G:G,C:C,A:A,G:A,G:G,C:C,C:C,T:T,T:T,C:C,G:G,A:A,G:G,T:T,T:C,No Call,T:C,T:T,T:T,T:C,C:C,C:C,G:C,C:C,T:T,G:A,C:T,G:G,G:G,C:G,C:C,A:A,G:G,A:G,G:T,C:C,G:G,G:A,G:A,G:T,A:A,No Call,G:G,C:C,G:T,T:T,G:C,G:A,A:A,C:C,G:G,A:A,G:G,A:G,C:T
50,2150-26508,C:T,G:G,No Call,No Call,T:T,G:A,A:G,T:T,C:C,C:C,C:C,T:C,G:A,T:C,A:A,A:C,A:A,A:A,C:C,C:T,G:G,C:C,G:G,C:C,G:G,C:C,T:T,T:A,T:T,C:C,T:C,G:G,C:C,A:A,A:A,A:G,G:G,A:A,T:T,C:C,A:A,G:G,C:C,A:G,G:G,G:T,C:C,T:C,C:T,C:C,C:C,G:G,A:A,G:G,T:T,T:T,No Call,T:T,T:T,T:T,C:C,C:C,C:C,G:G,A:C,T:T,G:G,C:T,G:G,G:G,C:C,T:C,A:G,A:G,G:G,G:G,C:C,G:G,G:G,G:G,G:G,T:T,No Call,A:A,C:G,G:T,T:T,G:G,G:A,A:A,C:C,G:A,G:G,G:A,A:A,C:T
51,2150-26509,T:T,A:G,No Call,No Call,T:T,G:G,G:G,T:T,C:C,C:C,C:A,T:T,A:A,C:C,A:A,A:C,A:A,A:A,A:C,C:T,G:G,C:C,G:G,C:C,G:G,T:T,T:T,T:A,C:T,C:C,T:T,A:A,C:C,A:A,A:G,A:A,G:G,A:A,T:T,C:C,G:G,A:G,T:T,A:A,G:A,G:G,T:C,C:C,C:C,T:T,C:C,G:G,A:A,G:A,T:C,T:T,No Call,T:C,T:T,T:T,T:C,T:C,C:T,G:G,C:C,T:T,G:G,C:C,G:G,A:A,C:C,T:C,A:A,A:G,A:G,T:T,C:C,G:G,G:A,G:G,G:G,T:A,No Call,G:G,C:C,G:G,T:C,G:C,G:G,A:A,C:C,A:A,G:A,A:A,A:G,C:T
52,2150-26511,C:C,A:G,No Call,No Call,T:C,G:A,A:A,T:T,C:C,T:C,C:C,T:T,G:G,T:C,C:A,A:C,G:A,A:A,A:C,C:T,No Call,C:C,G:G,C:C,A:A,C:T,T:T,T:A,C:T,C:C,T:C,A:A,T:C,A:C,A:G,G:G,G:G,A:G,T:C,G:G,A:G,A:G,C:T,A:G,G:G,G:G,T:T,T:C,C:T,T:C,C:C,G:G,A:A,G:A,T:T,T:T,No Call,T:T,T:C,A:T,T:C,C:C,C:C,G:C,A:C,T:T,G:A,C:C,G:G,No Call,C:G,T:C,A:A,A:G,G:G,No Call,C:C,G:G,G:G,G:A,G:T,T:A,No Call,G:A,C:C,G:T,T:T,C:C,G:G,G:A,C:C,G:A,G:A,G:G,A:G,C:C
53,2150-26512,C:C,A:G,No Call,No Call,C:C,G:A,A:A,C:T,C:C,T:C,C:C,T:T,A:A,T:T,C:C,A:A,G:G,G:A,A:C,C:T,G:G,C:T,G:G,C:C,G:G,C:T,C:C,A:A,C:T,C:C,C:C,A:A,C:C,A:A,A:A,A:G,G:G,A:A,T:C,C:C,A:G,G:G,C:C,A:A,G:G,G:G,C:C,T:C,C:T,T:C,C:C,G:G,A:G,G:G,T:T,C:C,No Call,T:T,T:T,T:T,T:C,C:C,C:C,G:G,A:C,T:T,G:G,C:T,A:A,G:A,C:G,T:T,A:A,G:G,A:A,T:T,C:C,G:G,G:G,G:A,G:T,T:T,No Call,G:G,C:C,G:G,T:T,G:G,G:A,G:A,T:C,G:G,G:A,G:A,A:G,C:T
54,2150-26513,C:C,A:G,No Call,No Call,C:C,G:G,G:G,T:T,C:C,T:C,C:C,T:C,G:A,T:T,C:A,C:C,G:A,A:A,A:A,C:T,No Call,C:C,G:G,C:C,G:A,C:T,T:C,T:T,C:C,C:C,T:C,A:A,T:C,A:A,A:A,A:G,G:G,G:G,T:C,C:C,G:G,G:G,C:C,A:G,G:G,G:G,C:C,T:C,C:T,T:C,C:C,G:G,A:G,A:A,C:C,T:T,No Call,T:T,T:T,T:T,T:T,C:C,C:T,G:G,A:C,T:T,G:A,C:T,G:G,G:G,C:C,T:T,A:A,A:G,A:A,T:T,C:C,G:A,G:A,G:A,G:G,T:T,No Call,A:A,C:G,T:T,T:T,G:C,G:G,A:A,C:C,G:G,G:G,A:A,A:A,C:C
55,2150-26514,C:C,A:G,No Call,No Call,T:C,G:A,G:G,C:T,C:C,T:T,C:C,T:T,G:A,T:T,C:A,A:C,A:A,A:A,A:C,C:T,G:G,C:C,G:G,C:C,G:A,C:T,T:C,T:A,No Call,C:C,T:C,A:A,C:C,No Call,A:A,A:G,G:G,A:A,T:T,C:C,G:G,G:G,C:C,A:G,G:G,G:G,T:T,T:C,C:C,T:C,C:C,G:G,A:G,G:G,T:T,T:C,No Call,T:C,T:T,T:T,T:C,C:C,C:C,G:G,C:C,T:T,G:A,C:T,G:A,G:A,C:C,T:C,A:A,G:G,A:G,T:T,C:C,G:A,G:A,A:A,G:G,T:A,No Call,G:A,C:C,G:T,T:C,G:C,G:A,G:A,T:C,G:A,G:A,G:G,G:G,C:C
56,2150-26516,C:C,A:A,No Call,No Call,T:T,A:A,A:A,T:T,C:C,T:C,A:A,T:T,G:G,T:C,C:A,A:A,G:A,G:A,A:C,C:C,A:A,C:C,G:G,C:C,G:G,C:C,T:T,T:T,C:C,C:C,C:C,G:G,T:C,C:C,A:A,A:A,G:G,A:A,T:T,C:C,A:A,A:G,C:C,A:G,G:G,No Call,T:T,C:C,C:C,C:C,C:C,G:G,A:A,G:A,T:T,T:C,No Call,T:C,T:T,A:T,T:T,T:C,C:T,G:G,A:C,T:T,G:G,C:C,G:G,G:A,C:C,T:C,A:A,G:G,G:G,T:T,C:C,A:A,G:G,G:A,G:T,A:A,No Call,G:G,C:C,G:G,T:T,G:G,G:A,A:A,C:C,G:G,A:A,G:G,G:G,C:T
57,2150-26517,C:T,A:G,No Call,No Call,T:T,G:A,A:A,T:T,C:C,C:C,C:C,T:T,G:A,T:C,C:C,C:C,A:A,A:A,A:C,C:T,G:G,C:T,G:G,C:C,G:G,C:T,C:C,T:A,No Call,C:C,T:T,G:G,T:C,A:C,A:A,A:A,G:A,A:A,T:C,C:C,A:A,A:G,T:T,A:G,G:G,G:T,C:C,T:C,C:T,T:C,C:C,G:G,A:G,G:A,T:T,T:T,No Call,T:T,T:C,T:T,T:T,C:C,C:C,G:C,C:C,T:T,G:A,C:T,G:G,G:G,C:C,T:C,A:A,G:G,G:G,T:T,C:C,G:G,G:G,G:A,G:G,A:A,No Call,G:G,C:C,G:T,T:T,G:G,G:G,A:A,C:C,A:A,A:A,G:G,A:G,T:T
58,2150-26526,T:T,A:A,No Call,No Call,T:T,A:A,A:A,T:T,C:C,C:C,A:A,T:T,G:G,T:C,C:A,A:C,G:G,A:A,A:C,C:T,A:A,C:C,G:A,C:C,G:G,C:C,T:C,T:A,T:T,C:C,T:C,A:A,C:C,A:C,A:G,A:A,G:G,A:A,T:T,C:C,A:A,G:G,C:C,G:G,G:A,G:G,C:C,T:C,C:C,T:C,C:C,G:G,A:A,G:A,T:T,T:T,No Call,T:T,T:T,T:T,C:C,C:C,C:C,G:C,A:C,T:T,A:A,C:C,A:A,G:A,C:C,T:T,A:G,A:G,A:G,G:T,C:C,G:G,A:A,G:A,G:T,T:A,No Call,G:G,C:C,G:G,T:C,G:G,G:A,G:A,C:C,G:G,A:A,A:A,A:A,C:C
59,2150-26529,T:T,G:G,No Call,No Call,T:T,A:A,A:G,C:C,C:T,C:C,C:C,T:T,A:A,T:C,C:C,C:C,A:A,G:G,A:C,C:T,A:G,C:C,G:G,C:C,G:G,C:C,T:T,T:A,No Call,C:C,T:C,A:A,T:C,A:C,A:A,A:A,G:G,A:A,T:C,C:C,A:A,G:G,C:C,A:A,G:A,G:G,T:C,T:T,C:T,C:C,C:C,G:G,A:G,G:A,T:C,T:T,No Call,T:T,T:C,T:T,T:T,C:C,C:C,G:G,A:C,T:T,G:G,C:C,A:A,G:G,C:G,T:C,A:A,G:G,G:G,T:T,C:C,G:A,G:G,G:A,G:T,A:A,No Call,G:G,C:C,G:G,T:T,C:C,G:A,G:A,T:T,A:A,G:A,A:A,A:G,C:T
60,2150-26530,C:T,G:G,No Call,No Call,T:C,G:A,A:G,T:T,C:C,C:C,C:C,T:T,G:G,T:C,C:A,C:C,G:A,A:A,C:C,T:T,G:G,C:T,G:G,C:C,G:G,C:T,T:C,T:A,C:T,C:C,T:C,A:A,C:C,A:A,A:G,A:G,G:G,A:A,C:C,C:C,A:G,G:G,T:T,A:A,G:G,G:T,C:C,T:C,C:C,C:C,C:C,G:G,A:A,G:A,T:C,T:C,No Call,T:T,T:T,A:T,T:T,T:C,C:T,G:G,A:C,T:T,A:A,T:T,G:G,G:A,C:G,T:C,A:A,G:G,A:G,T:T,C:C,G:G,G:A,G:A,G:T,T:A,No Call,A:A,C:C,G:G,T:C,G:C,G:G,A:A,C:C,G:A,G:G,A:A,G:G,C:T
61,2150-26531,C:C,A:G,No Call,No Call,T:C,G:A,A:G,T:T,C:T,C:C,C:A,T:T,A:A,T:C,C:C,A:C,A:A,A:A,A:C,C:T,A:G,C:C,G:A,C:C,G:G,C:C,T:T,T:T,T:T,C:C,T:T,A:A,T:C,A:A,A:A,A:A,G:G,A:A,T:T,No Call,A:G,A:G,C:C,A:A,G:G,G:G,C:C,T:T,C:C,T:T,C:C,G:G,A:G,G:A,T:T,T:T,No Call,T:C,T:T,T:T,T:T,C:C,C:C,G:C,C:C,T:C,A:A,C:C,G:G,G:A,C:C,T:T,A:A,A:A,G:G,T:T,T:T,G:G,G:A,G:A,G:T,T:T,No Call,G:G,C:C,G:T,T:T,G:C,G:A,A:A,C:C,G:A,G:G,G:A,G:G,C:C
62,2150-26532,C:C,A:A,No Call,No Call,T:T,G:A,G:G,C:T,C:C,T:C,C:C,T:C,A:A,C:C,C:C,A:C,A:A,A:A,A:C,C:T,A:G,C:C,G:G,C:C,G:G,C:T,T:T,A:A,T:T,C:C,T:C,G:G,C:C,A:C,A:A,A:A,G:G,A:G,T:T,C:C,G:G,G:G,C:C,A:G,G:G,G:G,T:T,T:C,C:T,T:C,C:C,G:G,A:A,G:G,T:C,T:T,No Call,T:T,T:C,T:T,C:C,C:C,C:C,G:G,C:C,T:T,G:A,C:T,G:G,A:A,C:C,T:C,A:A,G:G,A:G,T:T,C:C,G:A,G:A,A:A,G:T,A:A,No Call,A:A,C:G,G:G,T:T,G:C,G:G,A:A,T:C,G:G,G:A,G:A,G:G,C:C
63,2150-26533,T:T,A:G,No Call,No Call,C:C,G:A,A:A,C:C,C:C,T:T,C:A,C:C,G:A,T:C,C:C,C:C,G:A,A:A,C:C,T:T,G:G,C:C,A:A,C:C,A:A,C:C,T:T,T:A,T:T,C:C,T:C,A:A,C:C,A:C,A:G,A:A,A:A,G:G,T:T,C:C,G:G,G:G,C:C,G:G,G:G,G:G,T:C,C:C,C:C,C:C,C:C,G:G,A:A,G:G,T:C,T:T,No Call,T:T,T:T,T:T,T:C,T:C,C:C,G:C,C:C,T:T,G:A,C:C,G:G,G:A,C:C,C:C,A:A,G:G,A:G,G:T,C:C,G:G,G:A,A:A,G:G,A:A,No Call,G:G,G:G,T:T,T:C,C:C,G:G,G:A,T:T,G:G,A:A,A:A,G:G,C:T
64,2150-26534,C:T,G:G,No Call,No Call,T:T,G:A,A:G,T:T,C:C,C:C,C:A,T:C,G:A,T:C,C:C,C:C,G:G,A:A,A:C,C:T,No Call,C:C,A:A,C:C,G:A,C:T,T:T,T:T,C:T,C:C,T:T,G:G,C:C,A:C,A:G,A:G,G:A,A:A,T:C,C:C,G:G,G:G,C:T,A:G,G:A,G:T,C:C,T:C,C:T,T:C,C:C,G:G,A:A,G:G,T:C,T:C,No Call,T:T,T:C,T:T,T:T,C:C,C:C,G:G,A:C,T:T,A:A,C:C,G:A,G:A,C:G,T:C,A:G,G:G,G:G,T:T,C:C,G:G,G:A,G:A,G:T,T:A,No Call,A:A,C:G,G:T,T:C,G:C,G:A,A:A,C:C,G:G,G:G,G:G,G:G,C:C
65,2150-26538,T:T,A:G,No Call,No Call,T:T,G:A,G:G,C:T,C:C,T:C,C:A,T:T,A:A,T:T,C:A,A:A,A:A,G:A,A:C,C:T,G:G,C:C,G:G,C:C,A:A,C:C,T:T,T:A,C:T,T:T,T:T,A:G,T:C,A:A,A:A,A:A,G:G,A:A,T:C,C:C,A:G,G:G,C:T,A:G,G:G,T:T,T:T,C:C,C:C,T:C,C:C,G:G,A:G,G:G,T:T,T:T,No Call,T:T,C:C,T:T,T:T,C:C,C:C,G:G,C:C,T:T,A:A,C:T,G:G,G:G,C:C,T:C,A:A,G:G,A:G,G:T,C:C,G:G,G:A,G:A,G:G,T:A,No Call,G:G,C:C,G:G,T:T,G:C,G:A,G:A,T:C,G:G,A:A,A:A,G:G,T:T
66,2150-26541,C:T,A:G,No Call,No Call,T:C,G:A,A:A,C:T,C:C,C:C,C:C,T:T,G:G,T:C,C:C,A:C,G:A,G:A,C:C,T:T,A:G,C:T,A:A,C:C,G:G,C:T,T:T,T:T,No Call,C:C,T:C,A:G,C:C,C:C,A:A,A:G,G:G,A:A,T:T,C:C,A:A,A:G,C:C,A:A,G:G,G:G,C:C,T:C,C:C,T:T,C:C,G:G,A:A,G:G,T:T,T:C,No Call,T:C,T:C,T:T,C:C,C:C,C:T,G:G,C:C,T:T,A:A,C:T,A:A,G:A,C:C,T:T,A:A,A:G,G:G,T:T,C:C,G:A,G:G,G:G,G:T,T:A,No Call,A:A,C:C,G:T,T:T,G:G,G:G,A:A,T:C,G:A,A:A,G:A,G:G,C:C
67,2150-26542,C:T,A:A,No Call,No Call,T:T,G:A,G:G,C:T,C:C,C:C,A:A,T:C,G:G,T:T,C:A,C:C,A:A,A:A,A:A,C:T,A:G,C:C,G:G,C:C,A:A,C:T,T:T,T:A,T:T,C:C,C:C,G:G,T:C,A:C,A:A,A:G,G:G,A:A,C:C,C:C,G:G,A:G,C:C,A:A,G:G,G:G,C:C,T:C,C:T,T:C,C:C,G:G,A:A,G:G,T:T,T:C,No Call,T:T,T:T,T:T,C:C,C:C,C:C,G:G,A:C,T:T,A:A,C:C,G:G,G:A,C:C,T:T,A:A,G:G,A:G,T:T,C:C,G:G,G:A,A:A,T:T,T:A,No Call,G:A,C:G,G:G,T:T,C:C,G:A,A:A,T:C,G:A,G:G,A:A,G:G,C:T
68,100451,C:T,A:G,No Call,No Call,T:T,G:A,A:A,T:T,C:C,C:C,C:A,T:T,G:G,T:T,A:A,A:C,A:A,G:A,C:C,C:C,A:G,C:C,G:A,C:C,G:G,C:T,T:T,A:A,T:T,C:C,T:C,G:G,C:C,A:A,A:G,A:A,G:G,A:G,C:C,C:C,A:G,G:G,C:C,A:A,G:G,G:G,T:C,T:T,C:C,T:T,C:C,G:G,A:G,G:G,T:C,C:C,No Call,T:T,T:T,T:T,T:C,C:C,C:T,G:G,C:C,T:T,A:A,C:C,G:A,G:A,C:C,T:T,A:A,G:G,G:G,T:T,C:T,G:G,G:G,G:G,G:G,T:A,No Call,G:A,C:C,G:G,T:T,G:G,G:G,G:A,C:C,G:A,G:G,G:A,A:G,C:C
69,100471,C:T,G:G,No Call,No Call,C:C,G:A,G:G,T:T,C:C,T:C,C:C,T:T,G:A,T:T,C:C,C:C,G:A,A:A,C:C,C:T,No Call,C:C,G:G,C:C,G:G,T:T,C:C,A:A,T:T,C:C,T:T,A:A,C:C,A:A,A:A,A:G,G:G,A:A,T:T,C:C,G:G,A:G,C:C,A:A,A:A,G:G,C:C,T:C,C:T,T:C,C:C,G:G,A:A,G:A,T:T,T:T,No Call,T:C,T:T,T:T,T:T,C:C,C:C,G:G,A:C,T:C,G:A,C:C,G:G,G:G,C:G,T:C,A:G,G:G,A:G,G:T,C:T,G:A,G:G,G:G,G:T,A:A,No Call,A:A,C:G,G:T,T:C,G:C,G:A,A:A,C:C,G:G,No Call,G:G,G:G,C:T
70,100472,C:T,A:A,No Call,No Call,C:C,G:A,A:A,T:T,C:C,C:C,C:C,T:T,G:A,T:C,C:A,C:C,A:A,G:A,A:C,T:T,A:G,C:C,G:G,C:C,G:G,C:T,T:T,T:T,T:T,C:C,T:T,A:A,C:C,A:C,A:A,A:G,G:G,A:G,C:C,C:C,G:G,G:G,C:C,A:A,G:G,G:G,T:C,T:C,C:C,T:C,C:C,G:G,A:G,G:G,T:C,T:C,No Call,T:T,T:C,A:T,T:T,C:C,C:T,G:G,C:C,T:C,A:A,C:C,G:A,G:A,C:G,T:C,A:A,A:G,G:G,T:T,C:C,G:A,G:G,G:G,G:G,T:A,No Call,G:G,C:C,G:T,T:T,G:C,G:A,A:A,C:C,G:A,A:A,A:A,G:G,C:C
71,100492,C:T,A:G,No Call,No Call,T:T,G:A,G:G,T:T,C:C,C:C,C:C,T:T,G:A,T:C,C:C,A:A,G:A,A:A,A:C,C:T,A:A,C:T,G:G,C:C,G:G,C:T,T:T,T:T,C:T,C:C,No Call,A:G,T:C,A:C,A:A,A:G,G:G,A:A,T:C,C:C,A:A,G:G,C:T,A:G,G:G,G:G,C:C,T:T,C:C,T:C,C:C,G:G,A:A,G:A,T:T,C:C,No Call,T:C,T:T,A:T,T:T,C:C,C:T,G:G,A:C,T:T,G:G,C:C,G:A,G:A,C:C,C:C,A:A,A:G,G:G,T:T,C:T,G:G,G:G,G:G,G:T,T:A,No Call,G:G,C:C,G:G,T:T,G:C,G:G,A:A,C:C,G:G,No Call,A:A,A:G,C:C
72,113898,T:T,A:G,No Call,No Call,T:T,G:G,A:G,T:T,C:C,C:C,C:C,T:T,G:G,T:T,C:C,A:C,G:G,A:A,C:C,C:T,G:G,C:C,G:G,C:C,G:G,T:T,T:T,T:A,T:T,C:C,T:T,A:A,C:C,A:A,A:A,A:A,G:G,A:A,C:C,C:C,A:G,G:G,C:T,A:A,G:G,G:T,C:C,T:C,C:C,T:C,C:C,G:G,A:A,G:A,T:C,T:C,No Call,T:C,T:T,T:T,T:C,C:C,C:C,G:C,A:C,T:T,G:A,C:C,G:A,A:A,C:C,T:C,A:A,A:G,A:G,G:G,T:T,G:A,G:G,G:G,G:T,T:T,No Call,A:A,C:C,G:G,T:T,G:C,G:G,A:A,C:C,G:G,G:A,A:A,G:G,C:C
73,113900,C:C,G:G,No Call,No Call,C:C,A:A,G:G,No Call,C:C,No Call,C:C,T:T,G:G,No Call,No Call,No Call,G:A,No Call,C:C,C:C,G:G,C:C,G:G,No Call,G:A,C:T,T:T,T:T,T:T,C:C,T:T,A:A,No Call,C:C,A:A,A:A,G:G,A:A,T:T,C:C,A:A,A:G,C:C,A:A,G:G,G:G,T:C,T:C,C:C,T:T,C:C,G:G,A:G,G:G,T:C,T:T,No Call,T:T,C:C,T:T,T:T,T:T,C:C,G:C,C:C,T:T,G:G,C:C,G:G,G:G,C:C,T:C,A:A,A:A,G:G,G:T,C:T,G:G,G:G,G:G,G:G,T:A,No Call,G:A,C:C,G:T,T:T,G:G,G:G,A:A,C:C,A:A,No Call,G:G,G:G,C:C
74,1590-97275,C:T,G:G,No Call,No Call,T:T,G:A,G:G,T:T,C:C,T:C,C:A,T:T,G:A,T:T,C:A,A:A,A:A,A:A,C:C,C:T,G:G,C:C,G:G,C:C,G:G,T:T,T:T,A:A,T:T,C:C,T:T,A:A,C:C,A:C,A:A,A:G,G:G,A:G,C:C,C:C,A:G,G:G,T:T,A:G,G:G,G:G,T:C,T:C,C:C,T:T,C:C,G:G,A:G,G:G,T:C,T:C,No Call,T:T,T:T,T:T,T:T,C:C,C:C,G:G,C:C,T:T,G:G,C:C,G:G,G:A,C:G,T:C,A:A,G:G,G:G,G:T,C:C,G:A,G:G,G:A,G:G,T:A,No Call,A:A,C:C,G:G,T:T,G:C,G:A,A:A,C:C,G:A,G:A,A:A,G:G,C:T
75,1590-97276,T:T,A:G,No Call,No Call,T:T,G:A,A:A,T:T,T:T,C:C,C:C,T:T,G:G,T:T,C:C,A:C,A:A,A:A,C:C,C:T,G:G,C:C,G:G,C:C,G:G,T:T,T:C,T:A,T:T,C:C,T:T,A:A,C:C,A:C,A:G,A:G,G:G,G:G,T:T,C:C,G:G,A:A,C:C,A:A,G:G,G:G,C:C,T:C,C:C,T:C,C:C,G:G,A:G,G:A,T:T,C:C,No Call,T:T,C:C,A:T,T:T,T:C,C:C,G:G,A:C,T:T,G:A,C:C,A:A,G:G,C:G,C:C,A:A,A:G,A:A,T:T,C:C,G:A,G:G,G:G,T:T,A:A,No Call,A:A,C:C,G:G,T:T,G:G,G:A,A:A,C:C,A:A,G:G,A:A,G:G,T:T
76,1590-97277,C:C,G:G,No Call,No Call,T:T,A:A,A:G,T:T,C:C,C:C,C:C,T:T,G:A,T:T,C:A,A:A,G:A,A:A,A:C,C:C,A:G,C:C,G:G,C:C,G:G,C:C,T:T,T:A,T:T,C:C,T:T,A:A,C:C,C:C,A:G,A:A,G:G,A:G,T:C,C:C,G:G,G:G,C:C,A:A,G:A,G:G,T:C,T:T,C:C,C:C,C:C,G:G,A:A,G:G,T:T,C:C,No Call,T:T,T:T,T:T,T:T,T:C,C:C,G:G,A:C,T:T,G:A,C:C,A:A,G:A,C:C,T:C,A:A,G:G,G:G,T:T,C:C,G:G,G:A,G:A,G:G,A:A,No Call,G:G,C:C,T:T,T:T,G:G,G:G,A:A,C:C,G:G,A:A,A:A,G:G,C:C
77,1710-20522,T:T,G:G,No Call,No Call,T:C,G:A,A:A,T:T,C:C,C:C,C:A,T:T,G:A,T:T,C:A,A:C,G:A,G:A,C:C,T:T,A:G,C:T,G:G,C:C,G:G,T:T,T:C,A:A,T:T,C:C,T:C,A:A,T:C,A:A,A:A,A:G,G:G,A:A,C:C,C:C,A:A,G:G,C:C,A:A,G:G,G:G,C:C,C:C,C:C,T:T,C:C,G:G,A:A,G:G,T:T,C:C,No Call,T:T,T:T,T:T,T:T,C:C,C:C,G:G,A:A,T:C,G:A,C:T,G:G,G:G,C:C,T:C,A:A,G:G,A:G,T:T,C:C,G:A,G:G,G:G,G:T,T:A,No Call,G:G,C:C,G:T,T:T,G:G,G:A,A:A,C:C,G:G,G:A,A:A,G:G,C:T
78,1710-20523,C:C,G:G,No Call,No Call,T:T,G:A,A:A,T:T,C:C,C:C,C:C,T:T,G:A,T:C,C:A,C:C,A:A,A:A,C:C,T:T,A:G,C:C,G:A,C:C,G:G,C:C,T:T,T:T,T:T,C:C,T:C,A:A,C:C,A:C,A:A,G:G,G:G,A:A,C:C,G:G,A:A,A:G,C:C,A:A,G:G,G:G,C:C,T:C,C:C,T:C,C:C,G:G,A:G,G:G,T:T,C:C,No Call,T:T,T:T,T:T,T:T,C:C,C:C,G:G,A:C,T:T,G:A,C:T,A:A,G:G,C:C,C:C,A:A,A:A,A:G,T:T,C:C,G:G,G:G,G:G,G:T,T:T,No Call,G:G,C:C,G:G,T:T,C:C,G:A,A:A,C:C,G:A,G:A,A:A,G:G,C:C
79,1590-97278,T:T,G:G,No Call,No Call,T:T,G:G,A:G,T:T,C:C,T:T,C:C,T:T,A:A,T:C,C:A,A:C,A:A,A:A,A:C,C:C,G:G,C:C,G:G,C:C,G:G,T:T,T:T,T:A,T:T,C:C,T:T,G:G,T:T,A:A,A:G,A:A,G:G,A:A,T:C,C:C,G:G,G:G,C:C,A:A,G:A,G:G,C:C,C:C,C:C,T:C,C:C,G:G,A:A,G:G,T:T,T:C,No Call,T:T,T:T,T:T,C:C,C:C,C:C,G:C,C:C,T:T,A:A,C:T,G:G,G:A,C:C,T:C,A:A,A:A,G:G,G:T,T:T,G:A,G:A,G:A,G:G,T:T,No Call,A:A,C:C,G:T,T:T,G:G,G:A,G:G,C:C,G:G,G:A,G:A,G:G,C:T
80,1710-20524,C:T,A:G,No Call,No Call,T:C,G:G,G:G,T:T,C:C,C:C,C:C,T:C,G:G,T:T,C:C,C:C,A:A,A:A,C:C,T:T,G:G,C:T,G:G,C:C,G:G,C:C,T:T,T:T,T:T,C:C,T:T,A:A,C:C,A:A,A:G,A:G,G:G,A:A,T:C,C:C,G:G,A:G,C:C,A:A,G:G,G:G,C:C,T:C,C:T,T:C,C:C,G:G,A:A,G:G,T:T,C:C,No Call,T:T,T:T,T:T,T:T,T:C,C:C,G:C,A:A,T:T,A:A,C:C,G:G,G:G,C:G,C:C,A:G,A:G,G:G,G:T,C:T,G:G,G:G,G:G,G:T,T:A,No Call,G:G,C:G,G:G,T:T,G:C,G:G,G:A,C:C,G:A,G:A,A:A,A:G,C:T
81,1710-20535,C:T,G:G,No Call,No Call,T:T,A:A,A:A,T:T,C:C,C:C,C:C,T:T,G:A,T:C,C:C,A:A,A:A,G:A,A:A,C:C,G:G,C:C,G:A,C:C,G:G,C:T,T:T,T:T,C:T,C:C,T:T,A:A,C:C,A:C,A:A,A:A,G:G,A:A,C:C,C:C,A:A,G:G,C:C,A:A,G:A,G:G,C:C,T:C,C:C,T:C,C:C,G:G,A:A,G:G,T:C,T:T,No Call,T:C,T:T,T:T,T:T,C:C,C:C,C:C,C:C,T:T,G:A,C:T,A:A,G:G,C:C,T:C,A:A,G:G,G:G,T:T,C:T,G:G,G:G,G:A,G:G,T:A,No Call,A:A,C:C,G:T,T:T,C:C,G:A,G:A,C:C,G:G,A:A,A:A,A:A,C:T
82,1710-20536,C:T,G:G,No Call,No Call,T:C,G:A,A:A,T:T,C:C,T:C,C:C,T:T,A:A,T:T,C:A,A:C,A:A,G:A,C:C,C:T,G:G,C:T,G:G,C:C,G:G,C:C,T:T,T:T,C:T,C:T,C:C,A:A,T:T,A:A,A:A,A:G,G:G,A:G,T:C,G:G,G:G,G:G,C:C,A:G,G:G,G:G,C:C,T:C,C:C,T:C,C:C,G:G,A:G,G:G,C:C,C:C,No Call,T:T,C:C,T:T,T:T,C:C,C:C,G:G,C:C,T:T,A:A,C:T,G:G,G:G,C:C,T:T,A:A,G:G,A:G,T:T,C:C,G:A,G:G,G:G,G:G,A:A,No Call,G:G,C:C,G:G,T:C,G:G,G:A,A:A,C:C,G:G,A:A,A:A,G:G,C:T
83,1710-20537,C:C,A:G,No Call,No Call,T:T,G:G,A:A,T:T,C:C,C:C,C:A,T:T,G:G,T:T,C:A,C:C,G:A,A:A,C:C,C:T,G:G,C:C,G:G,C:C,G:G,C:T,T:T,T:T,C:T,C:C,T:T,A:A,C:C,A:C,A:A,A:A,G:G,A:A,T:T,C:C,G:G,G:G,C:C,A:A,G:A,G:G,C:C,T:T,C:C,C:C,C:C,G:G,A:A,G:A,T:C,C:C,No Call,T:T,T:T,A:T,T:T,C:C,C:C,G:G,C:C,T:C,G:A,C:C,G:A,G:A,C:C,T:C,A:A,G:G,A:G,G:G,C:C,G:G,G:A,G:A,G:G,A:A,No Call,G:G,C:C,G:T,T:T,G:C,G:A,A:A,C:C,A:A,A:A,G:A,G:G,C:T
84,1710-20538,C:T,G:G,No Call,No Call,C:C,G:A,A:G,C:T,C:T,C:C,C:C,T:T,G:G,T:T,C:C,A:C,G:A,A:A,C:C,C:T,A:G,C:C,G:G,C:C,G:G,T:T,T:T,A:A,T:T,C:C,T:C,A:A,C:C,A:A,A:G,A:A,G:G,A:A,T:T,C:C,G:G,G:G,C:C,A:A,G:G,G:T,C:C,T:C,C:C,T:T,C:C,G:G,A:G,G:G,T:C,C:C,No Call,T:T,T:T,T:T,T:T,C:C,C:C,G:G,C:C,T:T,G:A,C:C,G:G,G:G,C:G,T:C,A:A,G:G,G:G,G:T,C:T,G:G,G:G,G:A,G:T,T:A,No Call,G:G,C:C,G:T,T:T,G:C,G:G,G:A,T:C,G:G,G:G,A:A,A:G,C:T
85,1710-46166,T:T,A:G,No Call,No Call,C:C,A:A,A:G,C:T,C:C,C:C,C:C,T:C,G:G,T:T,C:C,A:C,A:A,A:A,C:C,T:T,G:G,C:C,G:G,C:C,G:G,C:C,T:T,T:T,T:T,C:C,T:T,A:A,T:C,A:A,G:G,A:G,G:G,A:G,T:C,C:C,G:G,G:G,C:C,A:A,G:G,G:G,C:C,C:C,C:C,T:T,C:C,G:G,A:A,G:G,T:T,T:T,No Call,T:T,T:C,T:T,T:T,C:C,C:C,G:C,A:C,T:T,A:A,C:C,G:A,G:A,C:G,T:C,A:A,G:G,G:G,G:T,C:T,G:G,G:A,G:G,G:T,T:T,No Call,G:G,C:C,G:G,T:C,G:G,G:G,A:A,T:C,G:A,G:G,A:A,A:A,C:T
86,1710-46168,T:T,G:G,No Call,No Call,C:C,G:A,G:G,T:T,C:C,C:C,C:C,T:T,G:G,T:T,C:C,C:C,A:A,A:A,C:C,C:T,A:G,C:C,G:G,C:C,G:G,C:T,T:T,T:A,T:T,C:C,T:T,A:A,T:C,A:A,A:A,A:A,G:G,A:A,T:C,C:C,A:A,G:G,C:C,A:G,G:A,G:G,T:C,T:T,C:C,C:C,C:C,G:G,A:G,G:G,T:T,C:C,No Call,T:T,T:C,T:T,T:T,C:C,C:C,G:G,A:C,T:T,G:A,C:C,G:G,G:G,C:C,T:C,A:A,G:G,A:G,T:T,C:C,G:G,G:G,G:A,G:T,T:A,No Call,G:G,C:C,T:T,C:C,G:G,G:A,A:A,C:C,G:G,A:A,A:A,A:G,C:C
87,1710-46169,T:T,A:G,No Call,No Call,T:T,G:A,A:A,T:T,C:C,C:C,C:A,T:T,G:A,T:T,C:C,A:C,G:G,G:A,C:C,C:T,G:G,C:C,G:A,C:C,G:G,C:T,T:C,T:A,C:T,C:C,T:T,A:A,C:C,A:A,A:A,A:G,G:G,A:A,T:C,C:C,A:G,A:G,C:C,A:G,G:A,G:G,C:C,T:T,C:C,T:T,C:C,G:G,A:A,G:G,T:T,T:C,No Call,T:T,T:T,T:T,T:T,C:C,C:C,G:G,A:C,T:T,G:A,C:T,G:G,G:A,C:G,C:C,A:A,G:G,A:G,T:T,C:C,G:G,G:G,G:A,G:G,T:T,No Call,A:A,C:C,G:G,C:C,C:C,G:A,A:A,C:C,G:G,A:A,A:A,G:G,C:T
88,1710-46171,T:T,A:G,No Call,No Call,T:T,G:A,A:A,T:T,C:C,T:C,C:C,T:T,G:G,T:T,C:A,C:C,A:A,A:A,C:C,C:T,G:G,C:T,G:A,C:C,G:G,No Call,T:T,T:A,T:T,C:C,T:C,A:A,C:C,A:C,A:A,A:G,G:G,A:G,T:T,C:C,G:G,A:G,C:C,A:A,A:A,G:G,C:C,T:C,C:C,T:C,C:C,G:G,A:A,G:G,T:T,T:C,No Call,T:T,T:T,T:T,T:T,C:C,C:C,G:G,A:C,T:T,G:A,C:C,G:G,G:A,C:C,T:C,A:A,A:A,A:A,G:T,T:T,G:G,G:G,G:G,G:T,T:A,No Call,G:G,C:C,G:G,No Call,G:C,G:A,A:A,C:C,G:G,G:A,G:A,A:A,C:C
89,1710-46172,C:T,G:G,No Call,No Call,T:T,G:G,A:G,C:T,C:C,C:C,C:C,T:T,G:G,T:T,C:C,A:A,A:A,G:A,A:C,C:C,A:G,C:C,G:G,C:C,G:G,C:T,T:T,T:T,C:C,C:C,T:T,A:A,C:C,A:A,A:A,A:G,G:G,A:G,T:C,C:C,G:G,A:G,C:C,A:A,G:G,G:G,C:C,T:T,C:C,C:C,C:C,G:G,A:G,G:G,T:T,T:C,No Call,T:C,T:T,T:T,T:T,C:C,C:C,G:G,C:C,T:T,G:A,C:C,G:A,G:G,C:C,T:T,A:A,G:G,A:G,T:T,C:C,G:G,G:G,G:A,T:T,T:T,No Call,G:G,C:C,G:G,T:C,C:C,G:G,A:A,T:C,G:A,G:G,G:A,A:G,C:T
90,1710-20369,C:T,A:G,No Call,No Call,C:C,G:A,A:A,T:T,C:C,T:C,C:C,T:T,A:A,T:T,C:C,C:C,G:A,A:A,C:C,C:C,G:G,C:C,G:G,C:C,G:G,C:T,T:T,T:A,T:T,C:C,T:C,A:A,C:C,A:A,A:A,A:A,G:G,A:A,T:T,C:C,A:G,G:G,C:T,A:A,G:G,G:G,C:C,T:C,C:C,T:C,C:C,G:G,A:A,G:G,T:T,T:T,No Call,T:T,T:T,T:T,T:T,C:C,C:C,G:G,A:A,T:T,G:A,T:T,A:A,G:A,C:C,C:C,A:A,A:G,G:G,T:T,T:T,G:G,A:A,G:G,G:T,T:A,No Call,G:G,C:C,G:T,T:T,G:C,G:G,G:A,C:C,G:G,A:A,G:G,G:G,C:T
91,1710-20370,C:T,G:G,No Call,No Call,C:C,G:G,G:G,T:T,C:T,C:C,C:A,T:T,G:A,T:T,C:C,A:A,G:A,A:A,C:C,C:C,G:G,C:C,G:G,C:C,G:G,T:T,T:T,A:A,C:T,C:C,T:T,A:A,C:C,A:C,A:A,G:G,G:G,A:A,T:C,C:C,G:G,G:G,C:C,A:A,G:G,G:G,C:C,T:C,C:C,T:C,C:C,G:G,A:G,G:A,T:T,T:C,No Call,T:T,T:T,T:T,T:T,T:C,C:C,G:G,A:A,T:T,A:A,C:C,G:G,G:G,C:C,C:C,A:A,A:A,A:G,G:T,C:C,G:G,G:A,G:G,G:T,T:A,No Call,G:G,C:C,G:T,T:C,G:G,G:G,A:A,C:C,G:G,G:A,G:A,G:G,C:T
92,1710-20371,T:T,A:G,No Call,No Call,T:T,G:A,G:G,C:T,T:T,T:C,C:C,T:T,G:A,T:C,C:C,C:C,G:A,A:A,A:C,T:T,G:G,C:C,G:A,C:C,G:G,T:T,T:T,T:T,T:T,C:C,T:T,A:A,C:C,A:C,A:A,A:G,G:G,A:G,T:C,C:C,G:G,A:G,C:C,A:A,G:G,G:G,C:C,T:C,C:C,T:C,C:C,G:G,A:A,G:A,T:T,T:C,No Call,T:T,T:T,T:T,T:T,C:C,C:C,G:G,C:C,T:T,G:A,C:C,A:A,A:A,C:G,C:C,A:A,A:G,G:G,G:G,C:T,G:A,G:A,G:A,G:G,A:A,No Call,G:A,C:C,G:T,T:T,C:C,G:G,G:A,T:C,G:G,G:A,G:A,A:G,C:C
93,SEIA01,C:C,A:A,No Call,No Call,T:C,G:A,A:G,T:T,C:C,C:C,C:C,T:T,A:A,T:T,C:C,C:C,A:A,A:A,C:C,C:T,G:G,C:T,G:G,C:C,G:G,C:T,T:T,T:A,T:T,C:C,T:T,A:A,C:C,A:A,A:G,A:A,G:G,G:G,T:T,C:C,A:G,G:G,C:C,A:A,G:G,G:G,C:C,T:C,C:C,T:C,C:C,G:G,A:G,G:G,T:C,T:C,No Call,T:C,T:T,T:T,T:T,C:C,C:C,G:G,C:C,T:T,G:A,C:T,G:A,A:A,C:C,T:C,A:A,A:G,G:G,T:T,T:T,G:A,G:A,G:A,G:G,A:A,No Call,G:G,C:C,T:T,T:T,G:C,G:G,A:A,C:C,G:A,G:G,G:A,G:G,C:T
94,SEIA02,C:C,G:G,No Call,No Call,T:T,G:G,A:A,T:T,C:C,C:C,C:A,T:T,G:G,T:T,C:A,A:C,G:A,A:A,A:C,C:T,G:G,C:T,G:A,C:C,G:G,T:T,T:T,T:A,T:T,C:C,T:C,A:A,T:C,A:A,A:A,A:G,G:G,A:A,T:T,G:G,G:G,G:G,C:C,A:A,G:G,G:G,C:C,T:T,C:C,T:C,C:C,G:G,A:G,G:G,T:T,T:C,No Call,T:C,T:T,T:T,T:T,C:C,C:C,G:G,C:C,T:T,A:A,C:C,G:G,G:G,C:C,T:C,A:A,A:G,A:G,G:T,C:C,G:G,G:G,G:A,G:T,T:A,No Call,A:A,C:C,G:T,T:T,C:C,G:A,A:A,C:C,G:G,G:A,A:A,A:G,C:T
95,NTC,NTC,NTC,NTC,NTC,NTC,NTC,NTC,NTC,NTC,NTC,NTC,NTC,NTC,NTC,NTC,NTC,NTC,NTC,NTC,NTC,NTC,NTC,NTC,NTC,NTC,NTC,NTC,NTC,NTC,NTC,NTC,NTC,NTC,NTC,NTC,NTC,NTC,NTC,NTC,NTC,NTC,NTC,NTC,NTC,NTC,NTC,NTC,NTC,NTC,NTC,NTC,NTC,NTC,NTC,NTC,NTC,NTC,NTC,NTC,NTC,NTC,NTC,NTC,NTC,NTC,NTC,NTC,NTC,NTC,NTC,NTC,NTC,NTC,NTC,NTC,NTC,NTC,NTC,NTC,NTC,NTC,NTC,NTC,NTC,NTC,NTC,NTC,NTC,NTC,NTC,NTC,NTC,NTC,NTC,NTC,NTC
96,NTC,NTC,NTC,NTC,NTC,NTC,NTC,NTC,NTC,NTC,NTC,NTC,NTC,NTC,NTC,NTC,NTC,NTC,NTC,NTC,NTC,NTC,NTC,NTC,NTC,NTC,NTC,NTC,NTC,NTC,NTC,NTC,NTC,NTC,NTC,NTC,NTC,NTC,NTC,NTC,NTC,NTC,NTC,NTC,NTC,NTC,NTC,NTC,NTC,NTC,NTC,NTC,NTC,NTC,NTC,NTC,NTC,NTC,NTC,NTC,NTC,NTC,NTC,NTC,NTC,NTC,NTC,NTC,NTC,NTC,NTC,NTC,NTC,NTC,NTC,NTC,NTC,NTC,NTC,NTC,NTC,NTC,NTC,NTC,NTC,NTC,NTC,NTC,NTC,NTC,NTC,NTC,NTC,NTC,NTC,NTC,NTC
