Chip Run Info,Z:\kcr_home\Box Sync\SNPtype Analysis\WIFL_Test_Panels\Panel3\WIFL_Plate5_Panel3_04052017_WLscored\ChipRun.bml,1382200581,96.96 (138x),,ROX,SNPtype-FAM : SNPtype-HEX,4/5/2017 1:24:00 AM,00:00:54,EP1-50153
Application Version,4.1.3
Application Build,20140305.1505
Export Type,Call Map Results : Inlet-based View,Standard
Number of Combined Chip Runs,1,9216
Confidence Threshold,65.00
Normalization Method,SNPtype Normalization
Allele Probe Type Mapping,Allele X,SNPtype-FAM
Allele Probe Type Mapping,Allele Y,SNPtype-HEX
Allele Axis Mapping,Allele X,X
Allele Axis Mapping,Allele Y,Y


SNP Calls
,,01,02,03,04,05,06,07,08,09,10,11,12,13,14,15,16,17,18,19,20,21,22,23,24,25,26,27,28,29,30,31,32,33,34,35,36,37,38,39,40,41,42,43,44,45,46,47,48,49,50,51,52,53,54,55,56,57,58,59,60,61,62,63,64,65,66,67,68,69,70,71,72,73,74,75,76,77,78,79,80,81,82,83,84,85,86,87,88,89,90,91,92,93,94,95,96
,,ada_brew_1,ada_brew_9,ada_ext_4,ada_tra_1,brew_ext_10,brew_NS_5,brew_tra_15,brew_tra_8,ext_pure_Kern_4,ext_tra_11,ext_tra_5,WM_Kern_1,ada_brew_12,ada_ext_1,ada_ext_5,ada_tra_2,brew_ext_12,brew_NS_8,brew_tra_16,brew_tra_9,ext_pure_Kern_5,ext_tra_12,ext_tra_6,WM_Kern_2,ada_brew_13,ada_ext_10,ada_ext_6,ada_tra_4,brew_ext_13,brew_NS_9,brew_tra_2,climate_02,ext_pure_Kern_6,ext_tra_14,ext_tra_8,WM_Kern_5,ada_brew_14,ada_ext_12,ada_ext_7,ada_tra_6,brew_ext_14,brew_tra_1,brew_tra_3,climate_18,ext_pure_Kern_9,ext_tra_15,ext_tra_9,WM_Kern_6,ada_brew_15,ada_ext_15,ada_ext_8,ada_WM_1,brew_ext_15,brew_tra_11,brew_tra_4,climate_19,ext_pure_SD_3,ext_tra_16,Kern_SD_2,WM_SD_1,ada_brew_16,ada_ext_16,ada_ext_9,ada_WM_2,brew_ext_6,brew_tra_12,brew_tra_5,climate_20,ext_pure_SD_5,ext_tra_2,Kern_SD_4,WM_SD_3,ada_brew_19,ada_ext_17,ada_Kern_2,ada_WM_5,brew_ext_7,brew_tra_13,brew_tra_6,ext_pure_Kern_2,ext_tra_1,ext_tra_3,WM_ext_1,WM_SD_4,ada_brew_6,ada_ext_3,Ada_NS_8,ada_WM_6,brew_NS_2,brew_tra_14,brew_tra_7,ext_pure_Kern_3,ext_tra_10,ext_tra_4,WM_ext_6,WM_SD_5
01,2240-94304,XX,XX,XX,XY,XY,XX,XX,XX,XY,YY,XX,XX,XX,XX,XX,YY,XX,XX,XX,YY,YY,XY,XX,XX,XX,XX,YY,XX,XX,YY,XX,XY,XY,XX,XX,XY,XX,XY,YY,XX,XX,YY,XX,XX,YY,XY,XY,XX,XX,XX,XX,XX,XX,XX,XX,XX,XY,XX,XX,XX,XY,XX,YY,XY,XX,XX,XX,XX,XY,YY,YY,XX,XX,XY,XX,XY,XX,XX,XX,XY,YY,YY,YY,XX,YY,XX,YY,XX,XX,XY,XY,XX,XY,XY,XY,XY
02,2240-94315,XX,YY,XX,XX,XY,XX,XX,XX,XY,XY,YY,XX,XY,XX,XX,YY,XY,XX,XX,XX,YY,XX,XX,XY,XY,XX,XX,XX,XX,XX,XX,XY,XX,XY,XX,XX,XY,YY,YY,XX,XX,YY,XX,XX,XY,XX,XY,XX,XX,XX,XX,XY,YY,XX,XX,XX,XX,XX,XY,XX,XX,XX,YY,YY,XX,XY,XX,XX,XX,YY,YY,XY,XY,XY,XX,XX,XY,XX,XX,YY,XY,YY,XY,XX,XX,XX,XX,XX,XX,XX,XX,XX,XY,XY,YY,XX
03,2240-94349,XX,No Call,XX,YY,XX,XX,XY,XX,XY,No Call,No Call,XX,XX,XX,YY,YY,YY,XY,XX,No Call,XY,XY,XX,XX,XX,XY,YY,XX,XX,XX,XX,XY,XX,YY,XX,XY,XX,XX,YY,XX,XX,YY,XX,XY,YY,XY,YY,XX,XX,XY,XX,XX,XY,YY,XX,XX,XX,No Call,XX,XY,XY,XX,YY,XY,XX,XX,XX,XX,No Call,YY,YY,XX,No Call,No Call,YY,XX,XX,XY,XX,YY,YY,No Call,XY,YY,No Call,XX,XX,XX,XY,XX,XY,No Call,XX,No Call,YY,XY
04,2240-94350,XX,YY,XX,XX,XX,XX,XY,XX,XX,YY,XX,XX,XX,XX,XY,XY,XY,XX,XX,XY,XX,XX,XX,XY,XX,XY,YY,XX,XX,XY,XX,YY,XX,XX,XX,XX,XX,XY,YY,XY,XX,YY,XX,XX,XY,YY,XY,XX,XY,XX,XX,XX,YY,XX,XX,XX,XX,XX,XX,XX,YY,XX,YY,XX,XX,XX,XX,XX,XX,YY,XY,XY,XY,XY,XX,YY,XX,XX,XX,YY,YY,YY,XY,XX,XX,XX,XX,XX,XX,XX,XY,XY,XX,XX,YY,XY
05,2240-94378,XX,XY,XX,XY,XX,XX,XX,XX,XY,XY,XX,XX,XY,XX,XY,YY,YY,XX,XY,XY,YY,XY,XX,XX,YY,XY,YY,XX,XX,XX,XX,XY,YY,XY,XX,XX,XY,XY,YY,XY,XX,XY,XX,YY,XY,YY,XY,XX,XX,XX,XX,XX,XY,XY,XX,XX,XX,XX,XX,YY,YY,XX,YY,YY,XX,XX,XX,XX,XY,YY,YY,XX,XX,XX,XX,XY,XX,XX,XX,XY,YY,YY,YY,XX,XY,XX,XX,XY,XX,YY,YY,YY,YY,XY,YY,YY
06,96N2148,XX,XY,XX,XY,XX,XX,XX,XX,XX,YY,XX,XX,XX,XX,XX,XY,YY,XX,XX,XY,XY,XY,XX,XX,YY,YY,YY,XX,XX,XY,XX,XY,YY,XY,XY,XX,XX,XX,YY,XX,XX,YY,XX,XY,XY,YY,XX,XX,XY,XX,XX,XY,XY,XY,XY,XX,XX,XX,XX,XY,XY,XX,YY,XY,XX,XY,XX,XX,XY,YY,XY,XY,XY,XX,XY,XY,XX,XX,XX,YY,YY,YY,XX,XY,YY,XX,XX,XX,XX,XY,YY,YY,XY,XX,XX,XY
07,96N2171,XX,YY,XX,YY,XY,XX,YY,XX,XY,YY,XX,XX,XX,XX,XY,XY,XX,XX,XX,XY,YY,XX,XY,XY,XX,XY,XX,XX,XX,XX,XX,XX,XX,XY,XX,XX,XY,XX,YY,XY,XY,XY,XX,XY,XY,YY,XX,XX,XX,XX,XX,XX,XY,XX,XX,YY,XX,XX,XX,XX,XY,XX,YY,XY,XX,XX,XX,XX,XX,YY,XY,XY,XX,XX,XX,XY,XX,XX,XX,YY,YY,YY,XY,XY,XX,XX,XX,XX,XY,XY,YY,YY,XX,XX,YY,XY
08,96N2189,XX,XY,XX,YY,YY,XX,XX,XX,XX,YY,XX,XX,XX,XX,XY,YY,YY,XY,XX,XX,YY,XX,XX,XX,YY,XX,YY,XX,XX,XX,XX,XY,XX,YY,XY,XY,XY,XY,YY,XY,XX,YY,XX,XX,XY,XY,XX,XX,XX,XY,XX,XX,XY,XX,XY,XX,XY,XX,YY,XX,XY,XX,YY,XY,XX,XY,XX,XX,XX,YY,YY,XY,YY,XY,XY,XY,YY,XX,XX,XX,YY,YY,XX,XX,XY,XX,XX,XX,XX,XY,YY,XX,XX,YY,YY,XX
09,96N2205,YY,YY,XX,XX,XX,XY,XY,XX,XX,YY,XX,XX,XY,XX,XY,XY,XY,XX,XX,XY,XY,XY,XX,XX,XX,XY,YY,XX,XX,XX,XX,XY,XY,XY,XX,XX,XY,XY,YY,XX,XX,YY,XX,XX,XY,YY,XY,XX,XX,XY,XX,XY,YY,XX,XX,XX,XX,XY,XX,XY,XX,XY,YY,XY,XX,XY,XY,XX,XX,YY,YY,YY,XX,YY,XY,YY,XX,XX,XY,XY,YY,YY,XY,YY,XX,XX,XX,XY,XY,YY,YY,XX,XX,XY,YY,XY
10,2240-94343,XX,XX,XX,XX,YY,XX,XY,XX,XX,YY,XY,XX,XX,XX,XX,XY,XY,XX,XX,XY,YY,XX,XX,XX,YY,XY,YY,XX,XX,XX,XX,XY,XX,YY,XX,XX,XY,XX,YY,XX,XX,YY,XX,XX,YY,XY,XY,XX,XX,XY,XX,XX,YY,XX,XX,XX,XY,XY,XX,XX,XX,XX,YY,XX,XX,XX,XX,XX,XX,XY,XY,YY,XY,XX,XY,XX,XX,XY,XX,YY,YY,XY,XX,XY,XX,XX,XX,XY,XX,XX,XY,YY,YY,XX,XX,XY
11,2150-26598,XX,XY,XX,XX,XY,XX,XX,XX,XX,YY,XX,XX,XX,XX,XY,YY,YY,XX,XY,YY,YY,YY,XY,XX,XX,XY,YY,XX,XX,XX,XX,XX,XX,YY,XX,YY,XX,XX,YY,XY,XX,YY,XX,XX,XY,XY,XY,XX,XX,XX,XX,YY,YY,XY,XX,XX,XX,XY,XX,XY,XX,XX,YY,YY,XX,XX,XX,XX,XX,YY,XY,XX,XX,XX,XX,XY,XX,XX,XX,YY,YY,YY,YY,XX,XY,XX,XX,XX,XX,XY,YY,XY,YY,XY,YY,XY
12,2150-26599,XX,XY,XX,YY,XX,XX,YY,XX,XX,YY,XX,XX,XX,XX,XX,XY,YY,YY,XX,YY,XX,XX,XY,XX,XY,YY,YY,XX,XX,XY,XX,XY,XX,YY,XX,XY,YY,XY,YY,XX,XX,XY,XX,XX,XY,XY,XY,XX,XY,XX,XX,XY,YY,XX,XX,XX,XX,XY,XX,XX,XY,XX,YY,YY,XX,XY,XX,XX,XX,YY,YY,YY,XY,XX,XY,XY,XX,XY,XX,XY,YY,YY,XY,XY,XY,XX,XY,XX,XX,YY,YY,YY,XX,XY,YY,XX
13,2330-99718,XX,XY,XX,XY,XX,XX,XY,XX,XY,YY,XX,XX,XX,XX,XX,YY,YY,XY,XY,YY,XY,XX,XX,XY,YY,YY,YY,XX,XX,XY,XX,XY,YY,XX,XX,XX,XX,XY,YY,XX,XX,XY,XX,YY,XX,XY,XY,XX,XX,XX,XX,XX,XY,XY,XX,XX,XX,XX,XY,XY,XY,XX,YY,XX,XX,YY,XX,XX,XY,YY,YY,XY,YY,XY,XX,XY,XX,XX,XX,YY,YY,YY,YY,XX,XY,XX,XX,XX,XY,XY,YY,YY,YY,XY,XY,XX
14,2150-26600,XY,XX,XX,XY,XY,XX,XX,XX,YY,XY,XX,XX,XX,XX,XX,YY,YY,XY,XX,XX,YY,XX,XX,XX,XX,XY,YY,XY,XX,XX,XX,XY,XX,XY,XY,XX,XX,XX,YY,XX,XX,YY,XX,XX,XY,XY,XY,XX,XX,XX,XX,XY,YY,XY,XY,YY,XX,XX,XX,YY,YY,XX,YY,XY,XX,XX,XX,XX,XX,YY,XY,YY,XY,XY,XY,XX,XX,XX,XX,XY,XY,YY,YY,XX,YY,XX,XX,XY,XY,XY,XY,YY,XX,XY,YY,YY
15,2150-26597,XX,YY,XX,YY,XY,XX,XX,XX,XY,YY,XX,XX,XX,XX,XY,YY,YY,XY,XX,XY,YY,XY,XX,XX,YY,XY,YY,XX,XX,YY,XX,XX,XX,XX,XX,XX,YY,XX,XY,XX,XY,YY,XX,XY,YY,XY,XX,XX,XX,XX,XX,XY,XX,XX,XX,XX,XX,XX,XY,YY,YY,XX,YY,XX,XX,XX,XX,XX,XY,XY,YY,XY,XY,XX,XX,XY,XX,XX,XX,YY,XY,XY,XX,XY,XX,XX,XX,XX,XY,XX,XY,XX,XX,XY,YY,XY
16,2240-94305,XX,XY,XX,XX,XY,XX,YY,XX,XX,YY,XX,XX,XX,XX,YY,XX,XY,XX,XX,YY,XY,XY,XX,XX,XY,XX,YY,YY,XX,XX,XX,XY,XY,XX,XX,XX,XY,XY,YY,XX,XX,YY,XX,XY,XX,YY,XX,XX,XX,XX,XX,XY,YY,XX,XX,XX,XX,XX,XX,YY,XX,XX,YY,YY,XX,XY,XX,XX,XX,YY,YY,XX,XY,XX,XX,XY,XX,XX,XX,YY,XY,YY,YY,YY,XY,XY,XX,XY,XX,YY,YY,XX,YY,XX,YY,XX
17,2240-94348,XX,XY,XX,XX,XX,XX,XX,XX,XX,YY,XY,XX,XX,XX,XX,XY,YY,XY,XX,XY,XY,XY,XX,XX,XX,XY,YY,XX,XX,XX,XX,YY,XX,XY,XX,XX,XX,XX,XY,XX,XX,YY,XX,XX,XY,YY,XX,XX,YY,XY,XX,XY,YY,XX,XX,YY,XY,XX,XX,YY,XY,XX,YY,YY,XX,XX,XX,XX,XY,XY,XY,YY,XX,XX,XY,XX,XX,XX,XX,YY,XY,XY,XY,XX,XX,XY,XX,XX,XX,XY,XX,XY,XY,No Call,XY,XY
18,2240-94375,XX,XX,XX,XY,XY,XX,XY,XY,XX,XY,YY,XX,XX,XX,XY,XX,YY,XX,XX,XY,YY,XY,XX,XX,XX,YY,YY,XX,XX,YY,XX,XY,YY,XY,XX,XX,XY,XX,YY,XX,XY,XY,XX,XY,YY,YY,XY,XX,XX,XX,XX,XX,YY,XX,XX,XX,XY,XX,XX,XX,XY,XX,YY,YY,XX,YY,XX,XX,XY,YY,YY,XX,XX,XY,XX,XY,XY,XX,XX,YY,YY,YY,XY,XX,XX,XX,XY,XX,XX,XX,YY,XX,XY,XY,YY,XY
19,2240-94376,XX,XY,XX,XX,XX,XX,XX,XY,XX,YY,YY,XX,XX,XX,XX,XY,XY,XY,XX,XX,XY,XX,XX,YY,XX,XY,YY,XX,XX,XX,XX,XY,XX,YY,XX,XY,XY,XX,YY,XX,XY,YY,XX,XX,YY,XY,XX,XX,XX,XX,XX,XY,YY,XX,XY,XX,XY,XX,XY,XY,XX,XX,YY,YY,XX,XY,XX,XX,XY,YY,XY,XY,YY,XX,XY,YY,XX,XX,XX,YY,YY,YY,YY,XX,XX,XX,XY,XX,XX,YY,XY,YY,XY,YY,YY,XY
20,2240-94353,XX,XX,XX,YY,XY,XX,XY,XX,XX,YY,XX,XX,XX,XY,XX,YY,YY,XY,XX,YY,XY,XX,XX,XY,XX,XY,YY,XX,XX,XX,XX,XY,YY,XY,XX,XY,XY,XY,YY,XX,XX,YY,XX,XY,XY,YY,XX,XX,XX,XX,XX,YY,XY,YY,XX,YY,XY,XX,XX,XY,XX,XX,YY,XX,XX,XX,XX,XX,XX,YY,XY,YY,XY,XX,XX,XY,XX,XY,XX,YY,YY,YY,XY,XX,XX,XY,XX,XX,XY,XY,XY,YY,YY,XX,YY,YY
21,2230-99721,XX,XY,XX,YY,XX,XX,XY,XX,YY,XY,XX,XX,XX,XX,XX,YY,YY,XY,XX,XY,YY,XX,XX,XY,XX,XY,YY,XX,XX,XX,XX,XX,XX,XY,XX,XX,XY,XY,YY,XX,XX,XX,XX,XY,YY,YY,XX,XX,XY,XX,XX,XX,XY,XX,XX,XX,XX,XX,XX,XY,XY,XX,YY,XX,XX,XX,XX,XX,XY,YY,YY,YY,XY,YY,XX,XY,XX,XX,XX,XY,YY,YY,XY,XY,XY,XX,XX,XX,XX,XY,XY,XY,XX,XY,YY,XX
22,2230-99722,XY,XX,XX,XY,YY,XY,XY,XY,XY,XY,XX,XX,XX,XX,XX,YY,YY,XX,XX,XY,YY,XX,XX,XY,XY,XY,YY,XX,XX,XY,XX,XY,XX,XX,XX,XX,XX,XY,YY,XX,XX,XY,XX,XX,YY,XX,XX,XX,XY,XX,XX,XY,XY,XX,XX,XX,XX,XX,XX,XX,XX,XX,YY,XY,XX,XY,XX,XX,XY,YY,YY,YY,YY,XX,XY,XY,XX,XX,XX,YY,YY,YY,YY,XX,XX,XX,XY,XX,XX,YY,YY,YY,XY,XY,YY,YY
23,2240-94377,XX,XX,XX,XY,XY,XX,YY,XX,XY,XY,XX,XX,XX,XX,XX,XY,YY,YY,XX,YY,YY,XX,XX,YY,XX,XY,YY,XX,XX,XX,XX,YY,XY,XX,XX,XX,XY,XX,YY,XY,XX,XY,XX,XX,YY,XY,XY,XX,XX,XX,XX,XY,YY,XX,XX,XX,XX,XX,XX,XY,YY,XX,YY,YY,XX,XX,XX,XX,XX,YY,XY,XY,XY,XY,XY,XY,XX,XX,XX,YY,YY,YY,YY,XX,XY,XY,XY,XX,XY,XY,YY,XX,XX,YY,YY,XX
24,2240-94379,XX,XY,XX,XX,XY,XX,XY,XY,XY,YY,XX,XX,XX,XX,XX,XX,XY,XX,XX,YY,XY,XY,XX,XX,XX,YY,YY,XX,XY,XX,XX,XX,XX,XX,XX,XX,XX,XX,YY,XY,XX,XY,XX,YY,YY,XY,XY,XX,XX,XX,XX,XY,YY,XX,XX,XX,XX,XY,XX,XY,YY,XX,YY,XY,XX,XY,XX,XX,XY,XY,YY,YY,XX,XY,XY,YY,XX,XX,XX,YY,XY,XY,YY,XY,XX,XY,XX,XX,XX,XY,XX,YY,XY,XX,YY,XX
25,2240-94380,XX,XX,XX,YY,XY,XX,XX,XX,XX,XY,YY,XX,XX,XX,XY,XY,YY,XX,XX,XX,XX,XX,XX,XY,XX,XY,YY,XX,XX,YY,XX,YY,XX,XY,XX,XX,XY,YY,YY,XX,XY,YY,XX,XY,YY,XX,XY,XX,XX,XX,XX,XY,XY,XX,XY,YY,XX,XX,XX,XY,XY,XX,YY,XY,XX,XY,XX,XX,XX,YY,YY,YY,XY,YY,XY,XY,XX,XY,XX,YY,YY,YY,XY,XX,XX,XX,XX,XX,XY,XX,YY,XY,XY,XX,XY,XY
26,2240-94320,XY,XY,XX,YY,YY,XX,XY,XX,XX,YY,XX,XY,XY,No Call,XY,XY,XX,XY,XX,XY,YY,XX,XX,YY,XY,YY,YY,XX,XX,XX,XX,YY,XX,XX,XY,XX,XX,XX,YY,XX,XX,YY,YY,XX,YY,XX,YY,XX,XY,XX,XX,XX,XY,XX,XY,XX,XX,XX,No Call,XY,XY,XX,YY,XX,XX,No Call,XX,XX,YY,YY,YY,XX,XX,No Call,XX,XX,XX,XX,XX,YY,YY,YY,XX,XX,XX,XX,XX,XX,XX,YY,YY,YY,XX,XY,YY,YY
27,2240-94321,XX,YY,XX,YY,YY,XX,XY,XX,XX,YY,XX,XX,XX,XX,XX,YY,YY,XY,XX,YY,XY,XX,XX,YY,XX,YY,YY,XX,XX,XX,XX,YY,XX,XX,XX,XX,YY,XX,YY,XX,XX,XY,XY,XX,YY,XY,XX,XX,XX,XX,XX,XY,YY,XX,XY,XX,XX,XX,XX,YY,XY,XX,YY,XY,XX,XY,XX,XX,XY,YY,YY,XY,XY,XY,XX,XY,XX,XX,XY,XY,YY,YY,YY,XX,XY,XX,XX,XX,XX,XY,XX,XX,XX,XX,YY,XY
28,2240-94306,XX,YY,XX,YY,XY,XX,YY,XX,XX,YY,XX,XX,XX,XX,XY,YY,YY,XY,XX,XY,YY,XX,XX,XX,XX,XY,YY,XX,XX,XY,XX,YY,XX,XX,XX,XX,XX,XX,YY,XY,XX,YY,XX,XX,XY,YY,XX,XX,XX,XX,XX,XX,XY,XY,XY,XX,XX,XX,XX,XY,XY,XX,YY,XY,XX,XX,XX,XX,No Call,YY,YY,XY,No Call,XY,XX,XY,XX,XX,XX,XY,YY,YY,XX,XY,XY,XX,XX,XX,XX,XX,YY,No Call,XX,XY,XY,YY
29,2240-94308,XX,XY,XX,YY,XX,XY,XX,XX,XY,YY,XX,XX,XX,XY,XY,XY,YY,XY,XX,XY,YY,XX,XY,XX,YY,XY,YY,XX,XX,XY,XX,YY,XY,XY,XX,XX,XY,XX,YY,XY,XX,YY,XX,XY,YY,XY,XY,XX,XX,XX,XX,XX,YY,XY,XX,YY,XY,XX,XX,YY,XY,XX,YY,YY,XX,XY,XX,XX,XX,YY,XY,XY,No Call,XY,XX,XY,XX,XX,XX,YY,XY,XY,XY,XX,XX,XX,XX,XX,XX,YY,XX,XX,XX,XX,YY,XX
30,2240-94318,XX,XX,XX,YY,XY,XX,XX,XX,XX,YY,XX,XX,XX,XX,XX,YY,YY,XY,XX,YY,XY,XX,XX,XX,XX,XY,YY,XX,XX,XY,XX,XY,XY,XY,XX,XX,XY,XX,YY,XX,XX,YY,XX,XX,XY,XX,XX,XX,XY,XX,XX,XY,YY,XX,XX,YY,XX,XX,XX,XY,XX,XX,YY,XY,XX,XX,XX,XX,XX,YY,XY,YY,XX,XX,XX,YY,XX,XX,XX,YY,YY,YY,XX,No Call,YY,XX,XX,XX,XY,YY,YY,YY,XY,No Call,XY,YY
31,2240-94322,Invalid,Invalid,Invalid,Invalid,Invalid,Invalid,Invalid,Invalid,Invalid,Invalid,Invalid,Invalid,Invalid,Invalid,Invalid,Invalid,Invalid,Invalid,Invalid,Invalid,Invalid,Invalid,Invalid,Invalid,Invalid,Invalid,Invalid,Invalid,Invalid,Invalid,Invalid,Invalid,Invalid,Invalid,Invalid,Invalid,Invalid,Invalid,Invalid,Invalid,Invalid,Invalid,Invalid,Invalid,Invalid,Invalid,Invalid,Invalid,Invalid,Invalid,Invalid,Invalid,Invalid,Invalid,Invalid,Invalid,Invalid,Invalid,Invalid,Invalid,Invalid,Invalid,Invalid,Invalid,Invalid,Invalid,Invalid,Invalid,Invalid,Invalid,Invalid,Invalid,Invalid,Invalid,Invalid,Invalid,Invalid,Invalid,Invalid,Invalid,Invalid,Invalid,Invalid,Invalid,Invalid,Invalid,Invalid,Invalid,Invalid,Invalid,Invalid,Invalid,Invalid,Invalid,Invalid,Invalid
32,2240-94323,XY,No Call,XX,XX,YY,XX,No Call,XX,XX,YY,No Call,XX,XY,XX,XX,YY,YY,YY,XX,No Call,YY,XX,XX,XX,No Call,YY,YY,XX,XX,XY,XX,YY,XX,XY,XX,XX,XX,XY,YY,XX,XX,YY,XX,XY,XY,XY,XY,XX,XY,XX,XX,XX,YY,XX,XY,No Call,XX,No Call,XX,XY,XY,XX,YY,No Call,XX,XX,XX,XX,No Call,YY,XY,No Call,No Call,No Call,XX,XX,XX,XX,XX,XY,YY,No Call,XY,YY,No Call,XX,XY,XX,XX,No Call,YY,No Call,YY,YY,No Call,No Call
33,2240-94324,XY,XY,XX,No Call,XY,XX,XX,YY,XX,No Call,XX,XX,XY,No Call,XX,XY,XX,XX,XX,YY,YY,XY,XX,XY,XY,XY,XY,XX,XX,XX,XX,XX,XY,XX,XX,XX,XX,XY,YY,XX,XX,No Call,XX,XX,YY,XY,YY,XX,No Call,XX,XY,XY,XY,XX,XY,XX,XY,XX,XY,XX,XY,XX,YY,No Call,XY,XX,XX,XX,No Call,XY,No Call,YY,XX,XX,YY,No Call,XX,XX,XX,XX,YY,XY,XY,XX,YY,XX,XY,XX,XX,No Call,XY,XX,XX,XY,YY,No Call
34,2240-94325,XX,No Call,XX,YY,YY,XX,XX,XX,XX,YY,XX,XX,XX,XX,YY,YY,YY,XX,XX,YY,XY,XY,XX,XX,XX,XX,YY,XX,XX,XY,XX,XY,XY,XX,XX,XY,XX,XY,YY,XX,XX,YY,XX,XX,YY,XX,XX,XX,XY,XX,XX,XX,XX,XY,XX,YY,XX,XX,XX,XX,YY,XX,YY,XX,XX,XX,XX,XX,XX,YY,YY,YY,No Call,XY,XY,XX,XX,XX,XX,YY,YY,YY,XX,XX,XY,XX,XX,XX,XX,XY,YY,No Call,YY,XY,YY,XY
35,2150-26564,XY,No Call,XX,XX,XY,XX,XX,XX,XX,YY,XX,XX,XX,XX,YY,YY,YY,XY,XX,XY,XX,XY,XX,XX,XX,XY,YY,XX,XX,XY,XX,XY,YY,XY,XX,XY,XX,XX,YY,XY,XY,YY,XX,YY,YY,YY,XY,XX,XX,XX,XX,XX,YY,XX,XX,YY,XX,XX,XX,XY,XY,XX,YY,YY,XX,XY,XX,XX,XY,XY,YY,XX,XY,XY,XY,YY,XX,XX,XX,YY,XY,XY,XX,XX,XX,XX,XX,XX,XX,XY,YY,XX,XX,YY,YY,XY
36,2240-94326,XX,No Call,XX,YY,XX,XX,XY,XX,XX,XY,No Call,XX,XX,XX,YY,XX,XX,XY,XX,YY,YY,XY,XX,XX,XX,YY,YY,XX,XX,XY,XX,XY,XX,XY,XX,XX,XX,YY,YY,XX,XY,XY,XX,XY,YY,YY,XX,XX,XX,XX,XX,XY,YY,XX,XX,XX,XY,XX,XY,XX,YY,XX,YY,XY,XX,XY,XX,XX,XX,YY,YY,YY,No Call,XY,XX,XY,XX,XX,XX,YY,XY,YY,YY,XY,XX,YY,XX,XX,XX,XY,XX,No Call,XX,XX,YY,XY
37,2240-04327,XX,YY,XX,XY,XY,XX,XY,XX,XX,XY,XX,YY,XX,XX,XX,YY,XY,XY,XX,YY,YY,YY,XX,XX,XX,XX,YY,XX,XX,XY,XX,XY,XX,XX,XX,XX,XY,XX,YY,XX,XY,XY,XX,XX,YY,XY,XY,XX,XX,XY,XX,XY,YY,XX,XX,YY,XX,XY,XX,YY,XY,XX,YY,YY,XX,XX,XX,XX,XY,YY,YY,YY,XY,XY,XX,YY,XX,XX,XX,XY,YY,YY,XY,XY,XY,XY,XY,XX,YY,YY,YY,XX,XX,XX,YY,XX
38,2240-04328,XX,XX,XX,XY,XY,XY,YY,XY,XX,YY,XX,XX,XX,XX,XX,XY,XX,XX,XY,XY,XY,XX,XX,XX,YY,XY,YY,XX,XX,XX,XX,XY,XX,XX,XX,XX,XX,XX,YY,XY,XX,YY,XX,XY,XY,XX,XX,XX,XX,XX,XX,XX,YY,XX,XY,YY,XY,XX,XX,XY,YY,XX,YY,XY,XX,XY,XX,XX,YY,YY,YY,YY,YY,XY,XX,XY,XX,XX,XX,YY,XY,YY,XY,XX,XY,XX,XX,XX,XY,YY,YY,No Call,YY,XY,YY,XX
39,2240-94329,XX,YY,XX,YY,XY,XY,XY,XX,XX,YY,XX,XX,XX,XX,XY,XY,XY,XY,XX,YY,XY,XY,XX,XX,XX,XY,YY,XX,XX,XX,XX,XY,XX,XX,XX,XX,XY,XX,YY,XX,XY,YY,XX,XY,YY,XY,XY,XX,XX,XX,XX,XX,YY,XX,XX,XX,XX,XY,XX,XX,XX,XX,YY,XY,XX,YY,XX,XX,XY,XY,YY,XX,XY,XX,XY,XY,XX,XX,XX,XY,XY,XY,YY,XX,XY,YY,XX,XX,XX,XY,XX,XY,YY,YY,YY,XX
40,2240-94330,XX,XY,XX,No Call,No Call,XX,XX,XX,XX,No Call,XX,XX,XY,No Call,XX,YY,YY,XX,XX,XY,YY,XX,XX,YY,XX,No Call,XY,XX,XX,XX,XX,YY,XX,No Call,XY,XX,YY,XX,YY,XY,XX,YY,XX,XX,YY,XY,XX,XX,XX,XX,XY,YY,YY,XX,XY,XX,XY,XX,XY,YY,YY,XX,YY,XY,XY,XX,XX,XX,XX,YY,No Call,YY,XX,XX,XY,No Call,XX,XX,XX,YY,XX,XY,XY,YY,No Call,XX,XY,XX,XX,No Call,YY,No Call,YY,XX,No Call,No Call
41,2240-94313,XX,YY,XX,XY,XY,XX,XY,XX,XY,YY,XX,XY,XX,XX,YY,YY,YY,XX,XY,XX,XX,XX,XX,XY,XX,YY,YY,XX,XX,XY,XX,XX,YY,XX,XX,XY,XX,XY,YY,XY,XX,YY,XY,XY,XY,XX,XX,XX,XX,XX,XX,XY,YY,XX,XX,XX,XY,XX,XX,XX,XX,XX,YY,XY,XX,XX,XX,XX,XY,YY,YY,XX,XX,YY,XY,XY,XX,XX,XX,YY,YY,YY,YY,XY,XY,XX,XY,XX,XX,YY,YY,YY,XX,XX,YY,XY
42,2240-94381,XX,XY,XX,YY,XX,XX,YY,XY,XY,YY,XX,XY,XX,XX,XY,YY,YY,XY,XX,YY,YY,XX,XY,XX,YY,YY,YY,XX,XX,XX,XX,YY,XX,XX,XX,XY,XY,XX,YY,XX,XX,YY,XY,XX,YY,XY,XY,XX,XX,XX,XX,XY,YY,XX,XY,XX,XX,XX,YY,XX,XY,XX,YY,XY,XX,XY,XX,XX,XY,YY,XX,XX,XY,YY,XY,YY,XY,XX,XY,XY,YY,YY,XX,XX,XX,XX,XY,XX,XX,XY,YY,YY,YY,XY,YY,XX
43,2240-94387,XX,XY,XX,XY,XX,XX,XY,XY,XX,YY,XX,XX,XX,XX,XX,YY,XX,XY,XX,XY,XX,XY,XX,XX,YY,XY,YY,XX,XX,XY,YY,XY,XX,XX,XX,XY,XY,XX,YY,YY,XX,YY,XX,XY,YY,XY,XX,XX,XX,XX,XX,XY,XY,XX,XX,XX,XX,XX,XX,XY,XY,XY,YY,XY,XX,XX,XX,XX,XX,YY,XY,XX,XY,XX,XY,XY,XX,XX,XX,YY,YY,YY,XY,XX,XY,XX,XX,XX,XY,XY,YY,YY,XX,XX,YY,XX
44,2240-94388,XY,No Call,XX,XY,No Call,XX,No Call,XX,XY,YY,No Call,XX,XX,XX,XX,XY,YY,XY,XX,No Call,YY,XY,XX,XX,XX,XY,YY,XX,XX,XY,XX,XX,XX,XX,XX,XY,YY,XX,YY,XX,XX,YY,XX,XY,YY,YY,XY,XX,XX,XY,XX,XY,XY,XX,XX,XX,XX,No Call,XX,XX,YY,XX,YY,No Call,XX,XX,XX,XX,No Call,YY,YY,No Call,No Call,No Call,YY,No Call,XX,XX,XX,XY,YY,No Call,XY,YY,No Call,XX,XY,XX,XY,No Call,YY,No Call,XY,XX,No Call,No Call
45,2240-94391,XX,XX,XX,XY,XY,XX,XX,XX,XX,YY,XX,XX,XX,XX,XY,XY,XY,XX,XX,YY,XY,XY,XX,XX,XX,XY,YY,XX,XX,XX,XX,YY,XY,XX,XX,XX,XY,XX,YY,XX,XX,YY,XX,XY,XY,XY,XX,XX,XX,XX,XX,XX,YY,XX,XX,XX,XX,XX,XX,YY,XX,XX,YY,XY,XX,XX,XX,XX,XX,YY,XY,XY,XX,XY,YY,YY,XX,XX,XX,YY,YY,YY,XY,XY,XX,XX,XX,XY,XX,XY,XX,XX,YY,XY,YY,YY
46,2240-94392,XX,YY,XX,XY,XY,XY,XX,XX,XX,YY,XX,XX,XX,XX,YY,YY,YY,XX,XX,XY,XY,XX,XX,XX,XX,XX,YY,XX,XX,XX,XX,XY,XX,XX,XX,XX,YY,XY,YY,XY,XX,YY,XX,XX,YY,XY,XX,XX,XX,XX,XX,XY,YY,XX,XY,YY,XX,XY,YY,XX,XY,XX,YY,XY,XX,YY,XX,XX,XX,YY,XY,XY,XX,XX,XY,XY,XX,XX,XX,XY,YY,YY,YY,XY,XX,XX,XX,XY,XY,XY,XY,YY,XX,XX,YY,XY
47,2330-94329,XX,YY,XX,YY,XY,XY,XY,XX,XX,YY,XX,XX,XX,XX,XY,XY,XY,XY,XX,YY,XY,XY,XX,XY,XX,XY,YY,XX,XX,XX,XX,XY,XX,XX,XX,XX,XY,XX,YY,XX,XY,YY,XX,XY,YY,XY,XY,XX,XX,XX,XX,XX,YY,XX,XX,XX,XX,XY,XX,XX,XX,XX,YY,XY,XX,YY,XX,XX,XY,XY,YY,XX,XY,XX,XY,XY,XX,XX,XX,XY,XY,XY,YY,XX,XY,XY,XX,XX,XX,XY,XX,YY,YY,YY,YY,XX
48,2330-99124,XX,YY,XX,YY,XX,XX,XY,XY,XX,XY,XX,XX,XX,XX,XX,YY,XY,XX,XX,XY,YY,XY,XX,XX,XX,YY,YY,XX,XX,XY,XX,YY,XY,YY,XX,XX,XY,XX,YY,XY,XY,YY,XX,XY,YY,XY,XY,XX,XX,XX,XX,XY,YY,XX,XX,XX,XX,XX,XX,YY,XX,XX,YY,XY,XX,XX,XX,XX,XY,YY,YY,YY,XY,XY,XX,XY,XX,XX,XX,YY,YY,YY,YY,XX,XY,XX,XX,XX,XY,XX,YY,XX,YY,XY,XX,XX
49,2330-99723,Invalid,Invalid,Invalid,Invalid,Invalid,Invalid,Invalid,Invalid,Invalid,Invalid,Invalid,Invalid,Invalid,Invalid,Invalid,Invalid,Invalid,Invalid,Invalid,Invalid,Invalid,Invalid,Invalid,Invalid,Invalid,Invalid,Invalid,Invalid,Invalid,Invalid,Invalid,Invalid,Invalid,Invalid,Invalid,Invalid,Invalid,Invalid,Invalid,Invalid,Invalid,Invalid,Invalid,Invalid,Invalid,Invalid,Invalid,Invalid,Invalid,Invalid,Invalid,Invalid,Invalid,Invalid,Invalid,Invalid,Invalid,Invalid,Invalid,Invalid,Invalid,Invalid,Invalid,Invalid,Invalid,Invalid,Invalid,Invalid,Invalid,Invalid,Invalid,Invalid,Invalid,Invalid,Invalid,Invalid,Invalid,Invalid,Invalid,Invalid,Invalid,Invalid,Invalid,Invalid,Invalid,Invalid,Invalid,Invalid,Invalid,Invalid,Invalid,Invalid,Invalid,Invalid,Invalid,Invalid
50,2330-99725,XX,XX,XX,XX,XY,XX,XX,XX,XY,YY,XX,XX,XX,XX,XY,YY,YY,XX,XX,XY,XY,XX,XX,XX,YY,XX,YY,XX,XX,XX,XX,YY,XX,XX,XX,XY,XY,XX,YY,XY,XX,YY,XX,XX,YY,XX,YY,XX,XX,YY,XX,XX,YY,XX,XX,XX,XY,XY,XX,XY,YY,XX,YY,XY,XX,XX,XX,XX,XX,YY,XY,YY,XY,XX,XX,XY,XX,XX,XX,YY,XY,YY,YY,XY,XX,XX,XX,XY,XY,XX,XX,YY,XX,XY,YY,XY
51,2330-99726,XX,XY,XX,XY,XY,XX,XY,XX,XY,XY,XX,XX,XX,XX,XY,YY,XY,XX,XX,XY,YY,XX,XX,XX,XY,XX,YY,XY,XX,XY,XX,XX,XX,XY,XX,XX,XX,XY,YY,XX,XY,YY,XY,XX,YY,XY,XY,XX,XY,XX,XX,XX,YY,XX,XX,XX,XX,XX,XX,YY,XY,XX,YY,XX,XX,XY,XX,XX,XY,XY,YY,XX,XY,XX,XY,XY,XY,XX,XX,YY,XY,XY,YY,XY,XY,XX,XX,XY,YY,YY,XY,XX,XY,XY,YY,YY
52,2330-99738,XX,YY,XX,YY,XY,XX,XY,YY,XX,YY,XX,XX,XX,XX,XY,XY,XY,XX,XX,XY,YY,XX,XX,XY,XY,XY,YY,XX,XX,XX,XX,XX,XX,XX,XX,XX,YY,XX,YY,XY,XY,YY,XX,XY,YY,XY,XX,XX,XX,XX,XX,XY,XY,XX,XY,XX,XX,XY,YY,XX,YY,XX,YY,XX,XX,XY,XX,XX,XX,YY,XY,YY,XY,XY,XX,XX,XX,XX,XX,YY,YY,YY,XY,XX,XX,XY,XX,XX,XX,XY,XX,YY,XX,XY,YY,XX
53,2330-99739,XX,YY,XX,XY,XY,XY,XX,XX,XX,YY,YY,XX,XY,XX,XX,YY,YY,XX,XX,XY,YY,XX,XX,XY,XX,XY,YY,XX,XX,YY,XX,XX,XY,XX,XX,XY,XX,XX,YY,XX,XY,YY,XX,YY,YY,XY,XX,XX,XX,XX,XX,XY,XY,XX,XX,XX,XX,No Call,No Call,XX,XY,YY,YY,XY,XX,YY,XX,XY,YY,YY,YY,XX,XX,XX,XX,YY,XX,XX,XX,YY,YY,YY,XY,XX,YY,XX,XX,XY,XX,XY,YY,XX,YY,No Call,YY,YY
54,2330-99740,XX,XY,XX,XX,XX,XX,XY,XX,XY,YY,XX,YY,XX,XX,XX,YY,XY,YY,XX,YY,XY,XY,XX,XX,XX,XY,YY,XX,XX,XX,XX,YY,XX,XX,XX,YY,XY,XY,YY,XY,XX,XY,XX,XY,YY,YY,XX,XX,XY,XY,XX,XY,XX,XX,XX,YY,XX,XX,XX,YY,XY,XX,YY,YY,XX,XY,XX,XX,XX,YY,YY,XY,XY,XY,XX,XY,XX,XX,XX,YY,XY,YY,XY,XX,XX,XX,XX,XX,XX,XY,YY,XY,YY,YY,YY,XY
55,2330-99741,XX,XX,XX,YY,YY,XX,XY,XX,YY,YY,YY,XX,XX,XX,XX,XY,YY,XX,XX,XY,YY,YY,XX,XY,XX,XY,YY,XX,XX,YY,XX,XX,YY,XX,XX,XX,XY,XY,YY,XX,XX,YY,XX,XY,YY,XY,XX,XX,XX,XX,XX,YY,YY,XX,XX,XX,XX,XX,XX,XX,YY,XX,YY,XY,XX,XX,XX,XX,XX,YY,XY,XY,YY,XX,XY,XX,XX,XX,XX,YY,YY,YY,XY,XX,XX,XX,XX,XX,XY,YY,YY,YY,XX,XX,YY,YY
56,2330-99742,YY,XY,XX,XX,XY,XX,XY,XX,XY,YY,XX,XX,XX,XX,XY,XY,YY,XY,XX,XX,YY,XY,XX,XX,XX,XY,YY,XX,XX,XX,XX,XX,XX,YY,XX,XX,XY,XY,YY,XX,XX,YY,XX,XX,XY,XY,XX,XX,XY,XX,XX,XX,YY,XX,XX,XX,XX,XX,XX,XY,YY,XX,YY,XY,XX,XY,XX,XX,XX,YY,XY,YY,XY,XY,XX,XX,XX,XX,XX,XY,YY,YY,XY,XY,XX,XX,XX,XX,XX,XY,YY,YY,YY,XX,YY,XY
57,2330-99743,XY,XX,XX,XY,XY,XX,XX,XX,XY,YY,XX,XX,XX,XX,YY,XY,YY,XX,XX,XY,YY,XX,XX,XY,XX,YY,YY,XX,XX,XY,XX,XY,XX,XY,XX,XX,YY,XY,YY,XY,XX,YY,XX,XX,YY,YY,XX,XX,XX,XX,XX,XX,XY,YY,XY,XX,XX,XX,XX,XY,XX,XX,YY,XY,XX,XX,XX,XX,XY,XY,XY,YY,XY,XY,XY,XX,XX,XX,XX,YY,XY,XY,XY,No Call,XX,XX,XX,XX,YY,XX,YY,YY,XX,YY,YY,XX
58,2330-99744,XX,XX,XX,YY,XY,XX,XY,XX,XX,YY,YY,XY,XX,XX,XX,YY,XY,XX,XX,YY,YY,YY,XX,XY,XX,XY,YY,XX,XX,XX,XX,XY,XX,XY,XY,XY,XY,XY,XY,XY,XX,XY,XX,XX,XY,YY,XX,XX,XX,XX,XX,XY,YY,XY,XX,XX,XY,XX,XX,XY,XX,XX,YY,XX,XX,XX,XX,XX,XX,YY,XY,XX,XX,XX,XX,XY,XX,XX,XX,XY,YY,YY,XX,XY,XY,XY,XX,XX,XY,XY,XX,YY,XX,XX,YY,YY
59,2330-99745,XX,XY,XX,XY,XY,XX,XY,XX,XX,YY,XX,YY,XX,XX,XY,XY,YY,XY,XX,XY,YY,XX,XX,XX,XX,XY,YY,XX,XX,XX,XX,XY,XY,YY,XY,XX,YY,XX,YY,XX,XX,YY,XX,XY,YY,XX,XY,XX,XX,XX,XX,XY,YY,XY,XX,XX,XY,XX,XX,XY,YY,XX,YY,XX,XX,YY,XX,XX,XX,YY,XY,XY,XY,YY,XX,XX,YY,XX,XX,XY,YY,YY,XY,XY,XX,XX,XX,XX,XX,XY,YY,XY,XX,XY,YY,XY
60,2330-99752,XY,XX,XX,XX,XX,XY,XY,XX,XY,XY,XX,XX,XX,XX,XX,XY,YY,XY,XX,YY,XY,XX,XY,XX,XY,XY,YY,XX,XX,XX,XX,XY,XX,XX,XY,XY,XX,XY,YY,XX,XX,YY,XX,XY,YY,XY,XY,XX,XY,XX,XX,XY,YY,XX,XX,XX,XX,XX,XY,XX,XY,XX,YY,XY,XX,XY,XX,XX,YY,YY,XY,YY,XX,XX,XX,XY,XX,XX,XX,XY,YY,YY,XY,XY,XY,XX,XX,XX,XX,XX,YY,XX,XY,XX,XY,YY
61,2330-99753,XX,XX,XX,XY,XX,XY,YY,XX,XY,YY,XX,XX,XY,XX,XY,XY,YY,XX,XX,YY,YY,XX,XY,XX,XY,XY,YY,XX,XX,XX,XX,XY,XX,XX,XX,XX,XY,XY,YY,XX,XX,YY,XY,XY,YY,XY,XX,XX,XX,XX,XX,YY,XX,XX,XX,XX,XY,XX,XX,XX,YY,XX,YY,XX,XX,XX,XY,XX,XY,YY,YY,XY,XY,XY,XY,XY,XX,XX,XY,YY,YY,YY,XY,XX,XX,XX,XX,XX,XX,YY,XY,XY,XY,XY,YY,XY
62,2330-99754,XX,XY,XX,XY,XY,XX,XY,XX,XY,YY,XX,XY,XX,XX,XX,XY,YY,XX,XX,YY,XY,XY,XX,XX,YY,YY,YY,XX,XX,XX,XX,XY,XX,XX,XX,XX,XX,YY,YY,XX,XY,YY,XX,XX,YY,XY,XY,XX,XY,XX,XX,XY,YY,XY,XX,YY,XX,XX,XX,XY,XX,XX,YY,YY,XX,No Call,XX,XX,XY,YY,XY,XX,XX,XY,YY,XX,XX,XX,XX,XY,YY,YY,XY,XX,XY,XX,XY,XX,XX,XX,YY,XY,XX,XX,YY,YY
63,2330-99755,XX,XX,XX,XX,XX,XX,XY,XX,XX,YY,XX,XX,XX,XY,XX,YY,XY,XY,XX,YY,XY,XX,XX,XY,XY,XY,YY,XX,XX,XX,XX,XY,XX,YY,XY,XX,XX,XY,YY,XX,XX,XY,XX,XY,YY,XX,XY,XX,XX,XX,XX,XX,YY,XX,XX,XX,XX,XX,XX,XX,YY,XX,YY,XY,XX,XX,XX,XX,XX,YY,YY,XX,XY,XY,XY,XX,XX,XY,XX,YY,YY,YY,XX,XX,YY,XX,XX,XX,XY,XX,YY,XY,XX,YY,YY,XY
64,2330-99756,XX,XY,XX,XY,XX,XY,XX,XY,XX,YY,XX,XX,XX,XX,XY,XX,XY,XX,XY,XY,XX,XY,XX,XY,XY,XX,YY,XX,XX,YY,XX,XX,XX,XX,XX,XY,YY,XY,YY,XX,XY,YY,XX,XX,YY,XY,XX,XX,XY,XY,XX,XX,YY,XY,XX,XX,XX,XX,XX,YY,XY,XX,YY,XY,XX,XX,XY,XX,XX,YY,XY,XY,YY,YY,XX,XY,XX,XX,XY,XY,YY,YY,XY,XY,XX,XX,XX,XX,XY,XY,YY,XX,YY,YY,YY,XY
65,2330-99757,XX,XY,XX,XX,XX,XX,XX,XX,XY,YY,XX,XY,XX,XX,XY,XY,XY,XY,XY,XY,YY,XX,XX,XY,XX,YY,YY,XX,XX,XX,XX,XY,XY,XY,XX,XX,XY,XX,YY,XX,XX,YY,XY,XX,XY,XY,XY,XX,XX,XX,XX,YY,XY,XX,XY,XX,XX,XX,XX,XY,XY,XX,YY,XY,XX,XX,XX,XX,XX,YY,YY,XX,XY,XY,XX,XX,XX,XX,XY,YY,YY,YY,XY,XX,XX,XX,XX,XX,XX,XY,XY,YY,XY,YY,YY,YY
66,2330-99758,XX,XY,XX,XX,YY,XX,XY,XX,XX,YY,XX,XX,XX,XX,XX,XY,YY,XY,XX,YY,YY,YY,XX,XY,XY,XY,YY,XX,XX,XX,XX,XY,XX,XX,XY,XX,XX,XX,YY,XX,XX,YY,XX,XX,YY,XX,XX,XX,XX,XY,XX,XX,YY,XX,XX,XX,XX,XX,XX,XY,YY,XX,YY,XX,XX,XY,XX,XX,XX,YY,XY,XY,XY,XY,XY,XX,XX,XX,XX,XY,YY,YY,XY,XX,XX,XX,XX,XX,XY,XY,YY,XY,XX,XY,XY,XY
67,2330-99759,XX,XY,XX,XY,XX,XX,XY,XX,XX,YY,XX,XX,XX,XX,YY,YY,YY,XY,XX,XY,XY,XX,XY,XX,XX,XY,YY,XX,XX,XX,XX,XY,XY,XX,XY,XX,XY,XX,YY,XY,XX,XX,XX,YY,YY,XX,XY,XX,XX,XX,XX,XY,XY,XY,XX,XX,XX,XX,XX,XY,XY,XX,YY,XY,XX,XX,XX,XX,XY,YY,XY,XX,XY,XY,XY,YY,XX,XX,XX,YY,YY,YY,YY,XX,XX,XX,XY,XX,XY,YY,YY,YY,XY,No Call,YY,XX
68,2330-99760,XX,YY,XX,XY,XY,XX,YY,XX,YY,YY,XX,XX,XX,XX,XY,XY,XY,XX,XX,XX,YY,XX,XX,XX,No Call,XX,YY,XX,XX,XY,XX,XY,XX,YY,XX,XY,XX,XX,YY,XX,XX,YY,XX,XX,XX,XX,XX,XX,XX,XX,XX,XY,XX,XX,XX,YY,XX,XX,XX,YY,YY,XX,YY,XX,XX,XX,XX,XX,XX,XY,XY,XY,XY,XY,XX,YY,XX,XX,XX,YY,XX,XY,YY,XX,XX,XX,XX,XX,XY,YY,YY,YY,YY,YY,YY,XY
69,2330-99794,XX,XX,XX,XX,YY,XX,XX,XX,XX,XY,XX,XX,XY,XX,XX,XY,YY,XY,XX,YY,YY,YY,XX,XY,XX,XX,YY,XX,XX,XX,XX,YY,XX,YY,XX,XY,XY,XX,YY,XX,XX,YY,XX,XY,XX,XY,XX,XX,XY,XX,XX,XX,YY,XX,XX,XX,XX,XX,XX,YY,YY,XX,YY,XY,XX,XX,XX,XX,XX,YY,YY,XX,XY,YY,XY,XX,XX,XX,XX,YY,YY,YY,XY,XX,XX,XX,XX,XX,XY,YY,YY,XX,XX,XY,YY,XY
70,2330-99795,XY,XX,XX,YY,XY,XX,XX,XX,XX,YY,XX,XX,XX,XX,XX,YY,XY,XX,XX,YY,YY,XX,XX,XX,XX,XY,YY,XX,XX,XX,XX,XY,XX,XX,XY,XX,XY,XY,YY,XX,XX,XY,XX,XX,YY,XX,XY,XX,XX,XY,XX,XY,YY,XY,XX,XX,XY,XX,XX,XX,XX,XX,YY,YY,XX,XX,XX,XX,YY,YY,XY,XY,XX,XY,XX,YY,XX,XX,XX,YY,YY,YY,YY,XX,XX,XX,XX,XX,XY,XX,YY,XX,XY,XX,XY,XX
71,2330-99796,XY,YY,XX,XY,XY,XX,XY,XX,XX,YY,XX,XY,XX,XX,XX,XY,XY,XY,XX,YY,XY,XX,XX,XX,XX,XY,YY,XX,XX,XX,XX,YY,XX,XX,XX,XX,XX,XX,YY,XX,XX,XY,XX,XY,YY,XY,XX,XX,XX,XX,XX,XY,XY,XX,XX,XX,XY,XX,XX,XX,XX,XX,YY,XY,XX,XY,XX,XX,XY,YY,XY,XY,XX,YY,XY,YY,XX,XX,XX,XY,YY,YY,XY,XY,XX,XX,XX,XX,XX,XY,YY,YY,XY,XX,YY,XY
72,2330-99797,XX,XX,XX,XY,XY,XY,XY,XX,XY,YY,XX,XY,XX,XX,XX,XY,YY,XX,XX,YY,XY,XX,XX,XX,XX,XY,YY,XX,XX,XY,XX,YY,XX,XX,XX,XY,XX,XY,YY,XX,XX,XY,XX,XX,YY,XY,XX,XX,XX,XX,XX,XY,YY,XX,XX,XX,XX,XX,XX,XX,YY,XX,YY,XY,XX,YY,XX,XX,XY,YY,XY,XY,XY,XX,XX,XY,XX,XX,XX,XY,YY,YY,XY,XY,XX,XX,XY,XX,XX,XY,XY,YY,XX,XY,XY,XY
73,2410-67720,XX,XY,XX,XY,XY,XX,XX,XX,XX,YY,XX,XX,XX,XX,XX,XY,XY,XX,XX,XY,XX,XX,XX,YY,XX,XX,YY,XX,XX,XY,XX,XY,XY,XX,XY,XY,XY,XX,YY,XY,XX,YY,XX,YY,XY,XX,XX,XX,XX,XX,XX,XY,XY,XX,XX,XX,XX,XY,XX,XX,XX,XY,YY,XX,XX,XY,XX,XX,XX,YY,XY,XY,XY,XX,XX,XX,XX,XX,XX,XY,YY,YY,XY,XX,XY,XY,XX,XY,XX,XX,XY,XX,XX,XY,YY,XY
74,2410-67721,XY,XX,XX,YY,XX,XX,XY,XX,XX,YY,XX,XX,XX,XX,XY,YY,XX,XX,XX,XY,YY,YY,XX,XX,XX,XX,YY,XX,XX,XX,XX,YY,XX,XX,XX,XX,XX,XY,YY,XX,XX,XY,XX,XY,YY,XY,XX,XX,XX,XY,XX,XY,YY,XX,XX,XX,XX,XX,XX,YY,YY,XX,YY,YY,XX,XY,XX,XX,XX,YY,XY,XX,YY,XX,XX,XY,XX,XX,XX,XY,YY,YY,XY,XX,XX,XX,XX,XX,XX,XY,YY,YY,YY,YY,XY,YY
75,2410-67722,XX,XY,XX,XY,XX,XX,XX,XX,XX,YY,XX,XX,XX,XX,XX,XY,XX,XX,XX,YY,XY,XY,XX,XY,XY,XY,YY,XX,XX,YY,XX,YY,XY,YY,XX,XX,YY,YY,YY,XY,XX,XY,XX,XX,XY,YY,XX,XX,XX,XX,XX,XX,YY,XX,XX,XX,XY,XX,No Call,YY,YY,XX,YY,YY,XX,XX,XX,XX,XX,YY,YY,XX,XY,YY,XY,XY,XX,XX,XX,YY,XY,YY,YY,XY,XY,XX,XX,XX,XX,XY,XY,XY,YY,YY,YY,XY
76,2410-67723,YY,XY,XX,XX,YY,XX,XX,XX,XY,YY,XX,XY,XX,XY,XX,XY,YY,XX,XY,YY,XY,XX,XY,XX,XX,XX,YY,XX,XX,XX,XX,XY,XX,XX,XX,XX,XX,XY,YY,XX,XY,XY,XX,YY,YY,YY,XX,XX,XX,XY,XX,XX,YY,XX,XX,XX,XX,XX,XX,XY,XY,XX,YY,YY,XX,XY,XX,XX,XY,YY,XY,XX,XX,XY,XX,XX,XX,XX,XX,YY,YY,YY,XX,XY,XY,XX,XX,XX,XY,XY,YY,YY,XX,XY,YY,YY
77,2410-67735,XX,XX,XX,YY,XY,XX,XY,XY,XX,XY,XX,XY,XX,XX,XY,XY,YY,XX,XX,YY,XY,XX,XX,XX,XY,XY,YY,XX,XX,XX,XX,XX,YY,XY,XY,XY,YY,XY,YY,XX,XX,YY,XX,XX,YY,YY,XY,XX,XX,XX,XX,XY,YY,XX,XX,XX,XX,XX,XX,XY,XY,XX,YY,XY,XX,XY,XX,XX,XX,YY,YY,XY,XY,YY,XY,YY,XY,XX,XX,YY,YY,YY,XY,XX,XY,XX,XX,XX,XX,YY,YY,XX,XY,YY,YY,XY
78,2410-67737,XX,YY,XX,YY,YY,XX,XX,XX,XY,YY,XX,XX,XX,XY,XX,YY,XY,XY,XX,XY,XY,XY,XX,XX,XX,YY,YY,XX,XY,XX,XX,YY,XY,XX,XX,XX,XY,YY,YY,YY,XX,XY,XX,XY,YY,XY,XY,XX,XX,XX,XX,XX,YY,XX,XX,XX,XX,XX,XY,XX,XY,XX,YY,YY,XX,XX,XX,XX,XX,YY,YY,XX,XX,XY,XY,XY,XX,XX,XX,YY,YY,YY,XX,XY,XY,XX,XX,XX,XX,XY,YY,YY,XX,XY,YY,YY
79,2410-67740,XX,XY,XX,XY,XX,XX,YY,XX,XX,YY,XY,YY,XX,XX,XX,XY,XY,XY,XX,XX,YY,XX,XY,XY,XX,XY,YY,XX,XX,XX,XX,XY,XX,XX,XX,XX,XX,YY,YY,XX,XX,YY,XX,XX,YY,XX,XX,XX,XX,XX,XX,XY,YY,XX,XX,XX,XY,XY,XX,XX,XX,XX,YY,YY,XX,XX,XX,XX,XX,YY,XY,XY,XX,XX,XX,XY,XX,XX,XX,YY,YY,YY,XX,XX,XY,XX,XY,XX,XX,XY,YY,YY,XX,YY,YY,XY
80,2410-67741,XX,XX,XX,YY,XY,XY,XX,XY,XX,XY,XX,XX,XX,XX,XY,YY,YY,XX,XX,YY,XY,XX,XX,XX,XX,XX,YY,XX,XX,XY,XX,XY,XX,XY,XX,YY,XY,XX,YY,XX,XX,YY,XX,XX,YY,XY,XX,XX,XX,XY,XX,XX,YY,XX,XX,XX,XY,XX,XX,XX,XX,XX,YY,XY,XX,XX,XX,XX,XX,YY,YY,XX,XX,YY,XY,XX,XX,XX,XX,YY,YY,YY,XX,XY,XY,XX,XY,XX,XY,XY,YY,XX,XY,XX,XY,XX
81,2330-99790,XY,XX,XX,XY,XX,XX,YY,XY,XX,YY,XX,XX,XX,XX,XX,XY,YY,XX,XX,XY,YY,YY,XX,XY,XX,XX,YY,XX,XX,XY,XX,XY,XY,XY,XX,XY,XY,XY,YY,XX,XX,XY,XX,XY,YY,XY,XX,XX,XX,XX,XX,XX,YY,XX,XX,XX,XX,XX,XX,XX,YY,XX,YY,XX,XX,XY,XX,XX,XY,YY,XY,YY,XX,XY,XY,XX,XX,XX,XX,XY,YY,YY,XY,XX,XY,XX,XX,XY,XX,XY,YY,YY,XX,XY,XY,XX
82,2330-99791,Invalid,Invalid,Invalid,Invalid,Invalid,Invalid,Invalid,Invalid,Invalid,Invalid,Invalid,Invalid,Invalid,Invalid,Invalid,Invalid,Invalid,Invalid,Invalid,Invalid,Invalid,Invalid,Invalid,Invalid,Invalid,Invalid,Invalid,Invalid,Invalid,Invalid,Invalid,Invalid,Invalid,Invalid,Invalid,Invalid,Invalid,Invalid,Invalid,Invalid,Invalid,Invalid,Invalid,Invalid,Invalid,Invalid,Invalid,Invalid,Invalid,Invalid,Invalid,Invalid,Invalid,Invalid,Invalid,Invalid,Invalid,Invalid,Invalid,Invalid,Invalid,Invalid,Invalid,Invalid,Invalid,Invalid,Invalid,Invalid,Invalid,Invalid,Invalid,Invalid,Invalid,Invalid,Invalid,Invalid,Invalid,Invalid,Invalid,Invalid,Invalid,Invalid,Invalid,Invalid,Invalid,Invalid,Invalid,Invalid,Invalid,Invalid,Invalid,Invalid,Invalid,Invalid,Invalid,Invalid
83,2330-99792,XX,XX,XX,XY,XY,XX,XX,XX,XX,XY,XX,XX,XX,XX,XY,YY,XY,XY,XX,XY,YY,XY,XY,XX,XY,XX,YY,XX,XX,XX,XX,XX,XX,XX,XY,XX,XX,XY,XY,XY,XX,YY,XX,YY,YY,XY,XY,XX,XY,XX,XX,XX,YY,XY,XX,XX,XX,XX,XY,XY,XY,XX,YY,XX,XX,XX,XX,XX,YY,YY,YY,YY,XY,XY,XX,YY,XX,XX,XX,YY,YY,YY,XY,XY,XX,XX,XX,XX,XX,XY,YY,YY,XX,YY,YY,XY
84,2410-67712,XX,XY,XX,XX,XY,XX,XX,XY,XY,YY,XX,XX,XX,XX,XY,YY,YY,XX,XX,YY,XY,XX,XX,XY,XX,XY,YY,XX,XX,XY,XX,XY,XX,XY,XY,XX,XX,YY,YY,XX,XX,XY,XX,XY,YY,XX,YY,XX,XX,XX,XX,XX,XY,XX,XX,XX,XX,XX,XY,YY,XY,XX,YY,YY,XX,XY,XX,XX,XX,YY,YY,XY,XY,XX,XX,XY,XX,XX,XX,YY,YY,YY,XX,XX,XX,XX,XX,XX,XX,XY,YY,XX,XY,YY,YY,XY
85,2410-67744,XX,XX,XX,XY,XX,XX,XY,XX,YY,YY,XX,XX,XX,XX,XX,YY,YY,XX,XX,XX,XX,XX,XX,XY,YY,XY,YY,XX,XX,XX,XX,YY,XX,YY,XX,XY,YY,XX,YY,XY,XX,YY,XX,XY,YY,XX,XX,XX,XX,XX,XX,XY,YY,XX,XY,XX,XX,XX,YY,XY,YY,XX,YY,XY,XX,XX,XX,XX,XY,YY,XY,XX,XY,YY,XY,XY,YY,XX,XX,YY,YY,YY,XY,XX,XX,XX,XX,XX,XX,XY,YY,XX,XX,XY,YY,XX
86,2410-67745,XX,XY,XX,XY,XY,XX,XX,XX,XX,XY,XX,XX,XX,XX,XX,XY,XX,XX,XY,YY,YY,XX,XY,XY,YY,XY,YY,XX,XX,XX,XX,XY,YY,XX,XX,XY,XX,XX,YY,XY,XX,YY,XX,XX,YY,XX,XY,XX,XX,XX,XX,XY,YY,XX,XX,YY,YY,XY,XX,XY,XX,XX,YY,YY,XX,XX,XX,XX,XX,YY,YY,XX,XY,XY,XY,XY,XX,XX,XX,YY,YY,YY,XY,XX,XY,XY,XX,XX,XY,YY,XY,YY,XX,XY,YY,YY
87,2410-67746,XX,XY,XX,XY,XX,XX,XX,XX,XX,YY,XX,XX,XX,XX,XX,XX,YY,XX,XX,XY,XY,XY,XX,YY,XX,XX,XX,XX,XX,XY,XX,YY,XY,YY,XX,XX,XY,XX,YY,XY,XX,YY,XX,XY,YY,XY,XY,XX,XX,XX,XX,XY,YY,XX,XX,XX,XX,XY,XY,XY,YY,XX,YY,XY,XX,XX,XX,XX,XY,YY,YY,YY,XY,YY,XY,YY,XX,XX,XX,YY,YY,YY,XY,XX,XX,XX,XX,XX,XX,XY,YY,XX,XY,No Call,YY,XX
88,2410-67747,XX,XY,XX,XY,XX,XX,XX,XX,XY,YY,YY,XX,XX,XX,XX,YY,XX,XX,XX,XY,XY,XX,XX,XX,XY,XY,YY,XX,XX,XX,XX,XY,XX,XX,XX,XX,XY,XY,YY,XY,XX,YY,XY,XY,YY,YY,XX,XX,XY,XX,XX,XY,YY,XX,XY,XX,XY,XX,XX,XY,XY,XX,YY,XY,XX,XY,XX,XX,XX,YY,XY,XY,XX,XX,XY,YY,XY,XY,XX,XY,XY,YY,XY,XX,XY,XY,XX,XX,XX,XX,XX,XX,YY,XY,YY,XY
89,2410-67748,XX,XY,XX,YY,XX,XX,XY,YY,XX,YY,XX,XX,XX,XX,XY,YY,YY,XX,XX,XX,XY,XX,XX,XX,XX,XY,YY,XX,XX,XX,XX,XY,XX,XX,XX,XY,YY,XX,YY,XX,XX,YY,XX,XY,XY,XY,XY,XX,XX,XX,XX,XY,YY,XY,XX,XX,XX,XX,No Call,XY,XY,XX,YY,XY,XX,XX,XX,XY,XX,XY,XX,XY,XY,XY,XX,YY,XX,XX,XX,YY,YY,XY,XY,YY,XX,XX,XX,XX,XY,XY,YY,YY,XX,XY,YY,XY
90,2410-67749,XX,XX,XX,YY,XX,XX,XX,XX,XY,YY,XX,XX,XX,XX,XY,YY,XX,XY,XX,XY,YY,XY,XX,XX,YY,XY,YY,XX,XX,XY,XX,YY,YY,XX,XX,XX,XX,XY,YY,XY,XX,XY,XX,YY,XY,XY,XY,XX,XX,XX,XX,XY,YY,XX,XX,XX,XX,XX,XX,XX,XY,XX,YY,XX,XX,XY,XX,XX,XX,XY,YY,XY,YY,XY,XX,XY,XX,XX,XX,XY,XY,XY,YY,YY,XY,XX,XY,XX,XX,XY,YY,YY,XX,XY,YY,XY
91,2410-67794,XX,No Call,XX,XY,XY,XY,XY,XX,XX,YY,XX,YY,XX,XX,XY,XY,YY,XX,XX,YY,YY,XY,XX,YY,XX,XY,YY,XX,XX,XY,XX,YY,XX,XX,XX,XX,XY,XX,YY,XY,XX,YY,XX,XX,YY,XY,XX,XX,XX,XX,XX,YY,XY,XX,XX,YY,XX,XX,XX,XY,XY,XX,YY,XY,XX,YY,XX,XX,XY,YY,XY,XY,No Call,YY,XX,XY,XX,XX,XX,YY,YY,YY,XY,XY,XX,XX,XX,XX,XX,XY,YY,YY,YY,XY,YY,XX
92,2410-67795,XX,No Call,XX,XX,XY,XX,XY,XX,XX,YY,XX,XX,XX,No Call,XY,XX,XY,XX,XX,YY,XX,XX,XX,XY,XX,XY,YY,XX,XX,XY,XX,XX,XX,XY,XX,XX,XY,YY,YY,XX,XX,XY,XX,XX,XY,XY,XY,XX,XY,XX,XX,XY,YY,XX,XX,XX,XX,No Call,XX,XY,YY,XX,YY,XX,XX,XX,XX,XX,XY,YY,YY,XY,No Call,XY,XY,XY,XX,XX,XX,YY,YY,YY,XY,XX,No Call,XX,XY,XX,XX,YY,YY,XX,XY,YY,YY,XY
93,2410-67796,XX,No Call,XX,YY,XX,XX,XX,XX,XX,YY,XX,XX,XX,XX,XY,YY,XX,XY,XX,XY,XY,XY,XX,XY,YY,XX,YY,XX,XX,YY,XX,XX,XY,XX,XX,XX,XX,XY,YY,XX,XY,YY,XX,XX,YY,XX,XY,XX,XY,XX,XX,XX,YY,XX,XX,XX,XY,XX,XX,XY,YY,XX,YY,YY,XX,XY,XX,XX,XX,YY,YY,XX,No Call,YY,XX,YY,XX,XY,XX,XY,XY,YY,YY,YY,No Call,XX,XY,XY,XY,XY,XY,YY,YY,YY,XX,XY
94,2410-67797,YY,No Call,XX,XY,XX,XX,XX,XX,XX,YY,XX,XX,XX,XX,XX,XY,XY,XX,XX,YY,XY,XX,XY,YY,XY,YY,YY,XX,XX,XX,XX,XY,YY,XX,XX,XY,XX,XX,YY,XX,XX,YY,XX,XX,YY,XY,XX,XX,XY,XY,XX,XX,XY,XX,XY,XX,XX,XX,XX,XX,YY,XX,YY,YY,XX,XX,XX,XX,XX,XY,YY,XX,XY,XY,XX,XY,XX,XX,XX,YY,YY,XY,XY,XX,XX,XX,XX,XX,XX,XX,YY,YY,YY,XX,YY,XY
95,NTC,NTC,NTC,NTC,NTC,NTC,NTC,NTC,NTC,NTC,NTC,NTC,NTC,NTC,NTC,NTC,NTC,NTC,NTC,NTC,NTC,NTC,NTC,NTC,NTC,NTC,NTC,NTC,NTC,NTC,NTC,NTC,NTC,NTC,NTC,NTC,NTC,NTC,NTC,NTC,NTC,NTC,NTC,NTC,NTC,NTC,NTC,NTC,NTC,NTC,NTC,NTC,NTC,NTC,NTC,NTC,NTC,NTC,NTC,NTC,NTC,NTC,NTC,NTC,NTC,NTC,NTC,NTC,NTC,NTC,NTC,NTC,NTC,NTC,NTC,NTC,NTC,NTC,NTC,NTC,NTC,NTC,NTC,NTC,NTC,NTC,NTC,NTC,NTC,NTC,NTC,NTC,NTC,NTC,NTC,NTC,NTC
96,NTC,NTC,NTC,NTC,NTC,NTC,NTC,NTC,NTC,NTC,NTC,NTC,NTC,NTC,NTC,NTC,NTC,NTC,NTC,NTC,NTC,NTC,NTC,NTC,NTC,NTC,NTC,NTC,NTC,NTC,NTC,NTC,NTC,NTC,NTC,NTC,NTC,NTC,NTC,NTC,NTC,NTC,NTC,NTC,NTC,NTC,NTC,NTC,NTC,NTC,NTC,NTC,NTC,NTC,NTC,NTC,NTC,NTC,NTC,NTC,NTC,NTC,NTC,NTC,NTC,NTC,NTC,NTC,NTC,NTC,NTC,NTC,NTC,NTC,NTC,NTC,NTC,NTC,NTC,NTC,NTC,NTC,NTC,NTC,NTC,NTC,NTC,NTC,NTC,NTC,NTC,NTC,NTC,NTC,NTC,NTC,NTC

SNP Converted Calls
,,01,02,03,04,05,06,07,08,09,10,11,12,13,14,15,16,17,18,19,20,21,22,23,24,25,26,27,28,29,30,31,32,33,34,35,36,37,38,39,40,41,42,43,44,45,46,47,48,49,50,51,52,53,54,55,56,57,58,59,60,61,62,63,64,65,66,67,68,69,70,71,72,73,74,75,76,77,78,79,80,81,82,83,84,85,86,87,88,89,90,91,92,93,94,95,96
,,ada_brew_1,ada_brew_9,ada_ext_4,ada_tra_1,brew_ext_10,brew_NS_5,brew_tra_15,brew_tra_8,ext_pure_Kern_4,ext_tra_11,ext_tra_5,WM_Kern_1,ada_brew_12,ada_ext_1,ada_ext_5,ada_tra_2,brew_ext_12,brew_NS_8,brew_tra_16,brew_tra_9,ext_pure_Kern_5,ext_tra_12,ext_tra_6,WM_Kern_2,ada_brew_13,ada_ext_10,ada_ext_6,ada_tra_4,brew_ext_13,brew_NS_9,brew_tra_2,climate_02,ext_pure_Kern_6,ext_tra_14,ext_tra_8,WM_Kern_5,ada_brew_14,ada_ext_12,ada_ext_7,ada_tra_6,brew_ext_14,brew_tra_1,brew_tra_3,climate_18,ext_pure_Kern_9,ext_tra_15,ext_tra_9,WM_Kern_6,ada_brew_15,ada_ext_15,ada_ext_8,ada_WM_1,brew_ext_15,brew_tra_11,brew_tra_4,climate_19,ext_pure_SD_3,ext_tra_16,Kern_SD_2,WM_SD_1,ada_brew_16,ada_ext_16,ada_ext_9,ada_WM_2,brew_ext_6,brew_tra_12,brew_tra_5,climate_20,ext_pure_SD_5,ext_tra_2,Kern_SD_4,WM_SD_3,ada_brew_19,ada_ext_17,ada_Kern_2,ada_WM_5,brew_ext_7,brew_tra_13,brew_tra_6,ext_pure_Kern_2,ext_tra_1,ext_tra_3,WM_ext_1,WM_SD_4,ada_brew_6,ada_ext_3,Ada_NS_8,ada_WM_6,brew_NS_2,brew_tra_14,brew_tra_7,ext_pure_Kern_3,ext_tra_10,ext_tra_4,WM_ext_6,WM_SD_5
01,2240-94304,C:C,C:C,G:G,A:G,C:T,G:G,G:G,T:T,A:G,C:C,A:A,T:T,C:C,C:C,T:T,A:A,A:A,G:G,G:G,T:T,C:C,T:C,A:A,C:C,T:T,A:A,C:C,T:T,C:C,T:T,G:G,T:C,C:T,T:T,C:C,T:C,G:G,C:T,T:T,G:G,C:C,C:C,C:C,T:T,A:A,G:A,G:A,C:C,A:A,G:G,C:C,A:A,T:T,C:C,T:T,C:C,G:A,G:G,C:C,T:T,A:G,C:C,T:T,A:T,G:G,A:A,A:A,G:G,G:A,C:C,C:C,T:T,G:G,A:C,T:T,G:A,G:G,A:A,C:C,C:T,A:A,T:T,A:A,G:G,C:C,A:A,T:T,G:G,T:T,C:T,A:G,A:A,A:G,C:T,T:C,C:T
02,2240-94315,C:C,T:T,G:G,A:A,C:T,G:G,G:G,T:T,A:G,A:C,G:G,T:T,C:T,C:C,T:T,A:A,A:G,G:G,G:G,C:C,C:C,T:T,A:A,C:G,T:C,A:A,T:T,T:T,C:C,C:C,G:G,T:C,C:C,T:C,C:C,T:T,G:A,T:T,T:T,G:G,C:C,C:C,C:C,T:T,G:A,G:G,G:A,C:C,A:A,G:G,C:C,A:T,C:C,C:C,T:T,C:C,G:G,G:G,C:T,T:T,A:A,C:C,T:T,T:T,G:G,A:G,A:A,G:G,G:G,C:C,C:C,T:C,G:A,A:C,T:T,G:G,G:A,A:A,C:C,T:T,G:A,T:T,T:A,G:G,T:T,A:A,C:C,G:G,T:T,C:C,A:A,A:A,A:G,C:T,C:C,C:C
03,2240-94349,C:C,No Call,G:G,G:G,C:C,G:G,G:A,T:T,A:G,No Call,No Call,T:T,C:C,C:C,C:C,A:A,G:G,G:A,G:G,No Call,A:C,T:C,A:A,C:C,T:T,A:G,C:C,T:T,C:C,C:C,G:G,T:C,C:C,C:C,C:C,T:C,G:G,C:C,T:T,G:G,C:C,C:C,C:C,T:A,A:A,G:A,A:A,C:C,A:A,G:T,C:C,A:A,T:C,T:T,T:T,C:C,G:G,No Call,C:C,T:C,A:G,C:C,T:T,A:T,G:G,A:A,A:A,G:G,No Call,C:C,C:C,T:T,No Call,No Call,C:C,G:G,G:G,A:C,C:C,T:T,A:A,No Call,T:A,A:A,No Call,A:A,C:C,G:G,T:C,C:C,A:G,No Call,A:A,No Call,C:C,C:T
04,2240-94350,C:C,T:T,G:G,A:A,C:C,G:G,G:A,T:T,A:A,C:C,A:A,T:T,C:C,C:C,T:C,G:A,A:G,G:G,G:G,C:T,A:A,T:T,A:A,C:G,T:T,A:G,C:C,T:T,C:C,C:T,G:G,C:C,C:C,T:T,C:C,T:T,G:G,C:T,T:T,G:A,C:C,C:C,C:C,T:T,G:A,A:A,G:A,C:C,A:G,G:G,C:C,A:A,C:C,C:C,T:T,C:C,G:G,G:G,C:C,T:T,G:G,C:C,T:T,A:A,G:G,A:A,A:A,G:G,G:G,C:C,T:C,T:C,G:A,A:C,T:T,A:A,G:G,A:A,C:C,T:T,A:A,T:T,T:A,G:G,T:T,A:A,C:C,G:G,T:T,C:C,A:G,A:G,A:A,C:C,C:C,C:T
05,2240-94378,C:C,C:T,G:G,A:G,C:C,G:G,G:G,T:T,A:G,A:C,A:A,T:T,C:T,C:C,T:C,A:A,G:G,G:G,G:A,C:T,C:C,T:C,A:A,C:C,C:C,A:G,C:C,T:T,C:C,C:C,G:G,T:C,T:T,T:C,C:C,T:T,G:A,C:T,T:T,G:A,C:C,A:C,C:C,A:A,G:A,A:A,G:A,C:C,A:A,G:G,C:C,A:A,T:C,C:T,T:T,C:C,G:G,G:G,C:C,C:C,G:G,C:C,T:T,T:T,G:G,A:A,A:A,G:G,G:A,C:C,C:C,T:T,G:G,A:A,T:T,G:A,G:G,A:A,C:C,C:T,A:A,T:T,A:A,G:G,T:C,A:A,C:C,G:A,T:T,T:T,G:G,G:G,G:G,C:T,C:C,T:T
06,96N2148,C:C,C:T,G:G,A:G,C:C,G:G,G:G,T:T,A:A,C:C,A:A,T:T,C:C,C:C,T:T,G:A,G:G,G:G,G:G,C:T,A:C,T:C,A:A,C:C,C:C,G:G,C:C,T:T,C:C,C:T,G:G,T:C,T:T,T:C,C:T,T:T,G:G,C:C,T:T,G:G,C:C,C:C,C:C,T:A,G:A,A:A,G:G,C:C,A:G,G:G,C:C,A:T,T:C,C:T,T:C,C:C,G:G,G:G,C:C,T:C,A:G,C:C,T:T,A:T,G:G,A:G,A:A,G:G,G:A,C:C,T:C,T:C,G:A,A:A,T:C,G:A,G:G,A:A,C:C,T:T,A:A,T:T,T:T,G:A,C:C,A:A,C:C,G:G,T:T,C:T,G:G,G:G,A:G,C:C,T:T,C:T
07,96N2171,C:C,T:T,G:G,G:G,C:T,G:G,A:A,T:T,A:G,C:C,A:A,T:T,C:C,C:C,T:C,G:A,A:A,G:G,G:G,C:T,C:C,T:T,A:G,C:G,T:T,A:G,T:T,T:T,C:C,C:C,G:G,T:T,C:C,T:C,C:C,T:T,G:A,C:C,T:T,G:A,C:A,A:C,C:C,T:A,G:A,A:A,G:G,C:C,A:A,G:G,C:C,A:A,T:C,C:C,T:T,G:G,G:G,G:G,C:C,T:T,A:G,C:C,T:T,A:T,G:G,A:A,A:A,G:G,G:G,C:C,T:C,T:C,G:G,A:A,T:T,G:A,G:G,A:A,C:C,T:T,A:A,T:T,T:A,G:A,T:T,A:A,C:C,G:G,T:C,C:T,G:G,G:G,A:A,C:C,C:C,C:T
08,96N2189,C:C,C:T,G:G,G:G,T:T,G:G,G:G,T:T,A:A,C:C,A:A,T:T,C:C,C:C,T:C,A:A,G:G,G:A,G:G,C:C,C:C,T:T,A:A,C:C,C:C,A:A,C:C,T:T,C:C,C:C,G:G,T:C,C:C,C:C,C:T,T:C,G:A,C:T,T:T,G:A,C:C,C:C,C:C,T:T,G:A,G:A,G:G,C:C,A:A,G:T,C:C,A:A,T:C,C:C,T:C,C:C,G:A,G:G,T:T,T:T,A:G,C:C,T:T,A:T,G:G,A:G,A:A,G:G,G:G,C:C,C:C,T:C,A:A,A:C,T:C,G:A,A:A,A:A,C:C,C:C,A:A,T:T,T:T,G:G,T:C,A:A,C:C,G:G,T:T,C:T,G:G,A:A,A:A,T:T,C:C,C:C
09,96N2205,A:A,T:T,G:G,A:A,C:C,G:A,G:A,T:T,A:A,C:C,A:A,T:T,C:T,C:C,T:C,G:A,A:G,G:G,G:G,C:T,A:C,T:C,A:A,C:C,T:T,A:G,C:C,T:T,C:C,C:C,G:G,T:C,C:T,T:C,C:C,T:T,G:A,C:T,T:T,G:G,C:C,C:C,C:C,T:T,G:A,A:A,G:A,C:C,A:A,G:T,C:C,A:T,C:C,C:C,T:T,C:C,G:G,G:A,C:C,T:C,A:A,C:T,T:T,A:T,G:G,A:G,A:G,G:G,G:G,C:C,C:C,C:C,G:G,C:C,T:C,A:A,G:G,A:A,C:G,C:T,A:A,T:T,T:A,A:A,T:T,A:A,C:C,G:A,T:C,T:T,G:G,A:A,A:A,C:T,C:C,C:T
10,2240-94343,C:C,C:C,G:G,A:A,T:T,G:G,G:A,T:T,A:A,C:C,A:G,T:T,C:C,C:C,T:T,G:A,A:G,G:G,G:G,C:T,C:C,T:T,A:A,C:C,C:C,A:G,C:C,T:T,C:C,C:C,G:G,T:C,C:C,C:C,C:C,T:T,G:A,C:C,T:T,G:G,C:C,C:C,C:C,T:T,A:A,G:A,G:A,C:C,A:A,G:T,C:C,A:A,C:C,C:C,T:T,C:C,G:A,G:A,C:C,T:T,A:A,C:C,T:T,A:A,G:G,A:A,A:A,G:G,G:G,T:C,T:C,C:C,G:A,A:A,T:C,G:G,G:G,A:C,C:C,T:T,A:A,C:T,T:T,G:A,T:T,A:A,C:C,G:A,T:T,C:C,A:G,G:G,G:G,C:C,T:T,C:T
11,2150-26598,C:C,C:T,G:G,A:A,C:T,G:G,G:G,T:T,A:A,C:C,A:A,T:T,C:C,C:C,T:C,A:A,G:G,G:G,G:A,T:T,C:C,C:C,A:G,C:C,T:T,A:G,C:C,T:T,C:C,C:C,G:G,T:T,C:C,C:C,C:C,C:C,G:G,C:C,T:T,G:A,C:C,C:C,C:C,T:T,G:A,G:A,G:A,C:C,A:A,G:G,C:C,T:T,C:C,C:T,T:T,C:C,G:G,G:A,C:C,T:C,A:A,C:C,T:T,T:T,G:G,A:A,A:A,G:G,G:G,C:C,T:C,T:T,G:G,A:A,T:T,G:A,G:G,A:A,C:C,T:T,A:A,T:T,A:A,G:G,T:C,A:A,C:C,G:G,T:T,C:T,G:G,A:G,G:G,C:T,C:C,C:T
12,2150-26599,C:C,C:T,G:G,G:G,C:C,G:G,A:A,T:T,A:A,C:C,A:A,T:T,C:C,C:C,T:T,G:A,G:G,A:A,G:G,T:T,A:A,T:T,A:G,C:C,T:C,G:G,C:C,T:T,C:C,C:T,G:G,T:C,C:C,C:C,C:C,T:C,A:A,C:T,T:T,G:G,C:C,A:C,C:C,T:T,G:A,G:A,G:A,C:C,A:G,G:G,C:C,A:T,C:C,C:C,T:T,C:C,G:G,G:A,C:C,T:T,A:G,C:C,T:T,T:T,G:G,A:G,A:A,G:G,G:G,C:C,C:C,C:C,G:A,A:A,T:C,G:A,G:G,A:C,C:C,C:T,A:A,T:T,T:A,G:A,T:C,A:A,C:T,G:G,T:T,T:T,G:G,G:G,A:A,C:T,C:C,C:C
13,2330-99718,C:C,C:T,G:G,A:G,C:C,G:G,G:A,T:T,A:G,C:C,A:A,T:T,C:C,C:C,T:T,A:A,G:G,G:A,G:A,T:T,A:C,T:T,A:A,C:G,C:C,G:G,C:C,T:T,C:C,C:T,G:G,T:C,T:T,T:T,C:C,T:T,G:G,C:T,T:T,G:G,C:C,A:C,C:C,A:A,G:G,G:A,G:A,C:C,A:A,G:G,C:C,A:A,T:C,C:T,T:T,C:C,G:G,G:G,C:T,T:C,A:G,C:C,T:T,A:A,G:G,G:G,A:A,G:G,G:A,C:C,C:C,T:C,A:A,A:C,T:T,G:A,G:G,A:A,C:C,T:T,A:A,T:T,A:A,G:G,T:C,A:A,C:C,G:G,T:C,C:T,G:G,G:G,G:G,C:T,T:C,C:C
14,2150-26600,C:A,C:C,G:G,A:G,C:T,G:G,G:G,T:T,G:G,A:C,A:A,T:T,C:C,C:C,T:T,A:A,G:G,G:A,G:G,C:C,C:C,T:T,A:A,C:C,T:T,A:G,C:C,T:C,C:C,C:C,G:G,T:C,C:C,T:C,C:T,T:T,G:G,C:C,T:T,G:G,C:C,C:C,C:C,T:T,G:A,G:A,G:A,C:C,A:A,G:G,C:C,A:T,C:C,C:T,T:C,G:G,G:G,G:G,C:C,C:C,G:G,C:C,T:T,A:T,G:G,A:A,A:A,G:G,G:G,C:C,T:C,C:C,G:A,A:C,T:C,G:G,G:G,A:A,C:C,C:T,G:A,T:T,A:A,G:G,C:C,A:A,C:C,G:A,T:C,C:T,A:G,G:G,A:A,C:T,C:C,T:T
15,2150-26597,C:C,T:T,G:G,G:G,C:T,G:G,G:G,T:T,A:G,C:C,A:A,T:T,C:C,C:C,T:C,A:A,G:G,G:A,G:G,C:T,C:C,T:C,A:A,C:C,C:C,A:G,C:C,T:T,C:C,T:T,G:G,T:T,C:C,T:T,C:C,T:T,A:A,C:C,C:T,G:G,C:A,C:C,C:C,T:A,A:A,G:A,G:G,C:C,A:A,G:G,C:C,A:T,T:T,C:C,T:T,C:C,G:G,G:G,C:T,C:C,G:G,C:C,T:T,A:A,G:G,A:A,A:A,G:G,G:A,T:C,C:C,T:C,G:A,A:A,T:T,G:A,G:G,A:A,C:C,T:T,G:A,C:T,T:T,G:A,T:T,A:A,C:C,G:G,T:C,C:C,A:G,A:A,A:A,C:T,C:C,C:T
16,2240-94305,C:C,C:T,G:G,A:A,C:T,G:G,A:A,T:T,A:A,C:C,A:A,T:T,C:C,C:C,C:C,G:G,A:G,G:G,G:G,T:T,A:C,T:C,A:A,C:C,T:C,A:A,C:C,C:C,C:C,C:C,G:G,T:C,C:T,T:T,C:C,T:T,G:A,C:T,T:T,G:G,C:C,C:C,C:C,T:A,G:G,A:A,G:G,C:C,A:A,G:G,C:C,A:T,C:C,C:C,T:T,C:C,G:G,G:G,C:C,C:C,A:A,C:C,T:T,T:T,G:G,A:G,A:A,G:G,G:G,C:C,C:C,T:T,G:A,A:A,T:T,G:A,G:G,A:A,C:C,T:T,G:A,T:T,A:A,A:A,T:C,A:G,C:C,G:A,T:T,T:T,G:G,A:A,G:G,C:C,C:C,C:C
17,2240-94348,C:C,C:T,G:G,A:A,C:C,G:G,G:G,T:T,A:A,C:C,A:G,T:T,C:C,C:C,T:T,G:A,G:G,G:A,G:G,C:T,A:C,T:C,A:A,C:C,T:T,A:G,C:C,T:T,C:C,C:C,G:G,C:C,C:C,T:C,C:C,T:T,G:G,C:C,C:T,G:G,C:C,C:C,C:C,T:T,G:A,A:A,G:G,C:C,G:G,G:T,C:C,A:T,C:C,C:C,T:T,G:G,G:A,G:G,C:C,C:C,A:G,C:C,T:T,T:T,G:G,A:A,A:A,G:G,G:A,T:C,T:C,C:C,G:G,A:A,T:C,G:G,G:G,A:A,C:C,T:T,G:A,C:T,T:A,G:G,T:T,A:G,C:C,G:G,T:T,C:T,A:A,A:G,A:G,No Call,T:C,C:T
18,2240-94375,C:C,C:C,G:G,A:G,C:T,G:G,G:A,T:C,A:A,A:C,G:G,T:T,C:C,C:C,T:C,G:G,G:G,G:G,G:G,C:T,C:C,T:C,A:A,C:C,T:T,G:G,C:C,T:T,C:C,T:T,G:G,T:C,T:T,T:C,C:C,T:T,G:A,C:C,T:T,G:G,C:A,A:C,C:C,T:A,A:A,A:A,G:A,C:C,A:A,G:G,C:C,A:A,C:C,C:C,T:T,C:C,G:A,G:G,C:C,T:T,A:G,C:C,T:T,T:T,G:G,G:G,A:A,G:G,G:A,C:C,C:C,T:T,G:G,A:C,T:T,G:A,G:A,A:A,C:C,T:T,A:A,T:T,T:A,G:G,T:T,A:A,C:T,G:G,T:T,C:C,G:G,A:A,A:G,C:T,C:C,C:T
19,2240-94376,C:C,C:T,G:G,A:A,C:C,G:G,G:G,T:C,A:A,C:C,G:G,T:T,C:C,C:C,T:T,G:A,A:G,G:A,G:G,C:C,A:C,T:T,A:A,G:G,T:T,A:G,C:C,T:T,C:C,C:C,G:G,T:C,C:C,C:C,C:C,T:C,G:A,C:C,T:T,G:G,C:A,C:C,C:C,T:T,A:A,G:A,G:G,C:C,A:A,G:G,C:C,A:T,C:C,C:C,T:C,C:C,G:A,G:G,C:T,T:C,A:A,C:C,T:T,T:T,G:G,A:G,A:A,G:G,G:A,C:C,T:C,T:C,A:A,A:A,T:C,A:A,G:G,A:A,C:C,T:T,A:A,T:T,A:A,G:G,T:T,A:A,C:T,G:G,T:T,T:T,A:G,G:G,A:G,T:T,C:C,C:T
20,2240-94353,C:C,C:C,G:G,G:G,C:T,G:G,G:A,T:T,A:A,C:C,A:A,T:T,C:C,C:T,T:T,A:A,G:G,G:A,G:G,T:T,A:C,T:T,A:A,C:G,T:T,A:G,C:C,T:T,C:C,C:C,G:G,T:C,T:T,T:C,C:C,T:C,G:A,C:T,T:T,G:G,C:C,C:C,C:C,T:A,G:A,A:A,G:G,C:C,A:A,G:G,C:C,T:T,T:C,T:T,T:T,G:G,G:A,G:G,C:C,T:C,A:A,C:C,T:T,A:A,G:G,A:A,A:A,G:G,G:G,C:C,T:C,C:C,G:A,A:A,T:T,G:A,G:G,A:C,C:C,T:T,A:A,T:T,T:A,G:G,T:T,A:G,C:C,G:G,T:C,C:T,A:G,G:G,G:G,C:C,C:C,T:T
21,2230-99721,C:C,C:T,G:G,G:G,C:C,G:G,G:A,T:T,G:G,A:C,A:A,T:T,C:C,C:C,T:T,A:A,G:G,G:A,G:G,C:T,C:C,T:T,A:A,C:G,T:T,A:G,C:C,T:T,C:C,C:C,G:G,T:T,C:C,T:C,C:C,T:T,G:A,C:T,T:T,G:G,C:C,A:A,C:C,T:A,A:A,A:A,G:G,C:C,A:G,G:G,C:C,A:A,T:C,C:C,T:T,C:C,G:G,G:G,C:C,T:C,A:G,C:C,T:T,A:A,G:G,A:A,A:A,G:G,G:A,C:C,C:C,C:C,G:A,C:C,T:T,G:A,G:G,A:A,C:C,C:T,A:A,T:T,T:A,G:A,T:C,A:A,C:C,G:G,T:T,C:T,A:G,A:G,A:A,C:T,C:C,C:C
22,2230-99722,C:A,C:C,G:G,A:G,T:T,G:A,G:A,T:C,A:G,A:C,A:A,T:T,C:C,C:C,T:T,A:A,G:G,G:G,G:G,C:T,C:C,T:T,A:A,C:G,T:C,A:G,C:C,T:T,C:C,C:T,G:G,T:C,C:C,T:T,C:C,T:T,G:G,C:T,T:T,G:G,C:C,A:C,C:C,T:T,A:A,G:G,G:G,C:C,A:G,G:G,C:C,A:T,T:C,C:C,T:T,C:C,G:G,G:G,C:C,T:T,A:A,C:C,T:T,A:T,G:G,A:G,A:A,G:G,G:A,C:C,C:C,C:C,A:A,A:A,T:C,G:A,G:G,A:A,C:C,T:T,A:A,T:T,A:A,G:G,T:T,A:A,C:T,G:G,T:T,T:T,G:G,G:G,A:G,C:T,C:C,T:T
23,2240-94377,C:C,C:C,G:G,A:G,C:T,G:G,A:A,T:T,A:G,A:C,A:A,T:T,C:C,C:C,T:T,G:A,G:G,A:A,G:G,T:T,C:C,T:T,A:A,G:G,T:T,A:G,C:C,T:T,C:C,C:C,G:G,C:C,C:T,T:T,C:C,T:T,G:A,C:C,T:T,G:A,C:C,A:C,C:C,T:T,A:A,G:A,G:A,C:C,A:A,G:G,C:C,A:T,C:C,C:C,T:T,C:C,G:G,G:G,C:C,T:C,G:G,C:C,T:T,T:T,G:G,A:A,A:A,G:G,G:G,C:C,T:C,T:C,G:A,A:C,T:C,G:A,G:G,A:A,C:C,T:T,A:A,T:T,A:A,G:G,T:C,A:G,C:T,G:G,T:C,C:T,G:G,A:A,A:A,T:T,C:C,C:C
24,2240-94379,C:C,C:T,G:G,A:A,C:T,G:G,G:A,T:C,A:G,C:C,A:A,T:T,C:C,C:C,T:T,G:G,A:G,G:G,G:G,T:T,A:C,T:C,A:A,C:C,T:T,G:G,C:C,T:T,C:T,C:C,G:G,T:T,C:C,T:T,C:C,T:T,G:G,C:C,T:T,G:A,C:C,A:C,C:C,A:A,A:A,G:A,G:A,C:C,A:A,G:G,C:C,A:T,C:C,C:C,T:T,C:C,G:G,G:A,C:C,T:C,G:G,C:C,T:T,A:T,G:G,A:G,A:A,G:G,G:A,T:C,C:C,C:C,G:G,A:C,T:C,A:A,G:G,A:A,C:C,T:T,G:A,C:T,A:A,G:A,T:T,A:G,C:C,G:G,T:T,C:T,A:A,G:G,A:G,C:C,C:C,C:C
25,2240-94380,C:C,C:C,G:G,G:G,C:T,G:G,G:G,T:T,A:A,A:C,G:G,T:T,C:C,C:C,T:C,G:A,G:G,G:G,G:G,C:C,A:A,T:T,A:A,C:G,T:T,A:G,C:C,T:T,C:C,T:T,G:G,C:C,C:C,T:C,C:C,T:T,G:A,T:T,T:T,G:G,C:A,C:C,C:C,T:A,A:A,G:G,G:A,C:C,A:A,G:G,C:C,A:T,T:C,C:C,T:C,G:G,G:G,G:G,C:C,T:C,A:G,C:C,T:T,A:T,G:G,A:G,A:A,G:G,G:G,C:C,C:C,C:C,G:A,C:C,T:C,G:A,G:G,A:C,C:C,T:T,A:A,T:T,T:A,G:G,T:T,A:A,C:C,G:G,T:C,C:C,G:G,A:G,A:G,C:C,T:C,C:T
26,2240-94320,C:A,C:T,G:G,G:G,T:T,G:G,G:A,T:T,A:A,C:C,A:A,T:C,C:T,No Call,T:C,G:A,A:A,G:A,G:G,C:T,C:C,T:T,A:A,G:G,T:C,G:G,C:C,T:T,C:C,C:C,G:G,C:C,C:C,T:T,C:T,T:T,G:G,C:C,T:T,G:G,C:C,C:C,T:T,T:T,A:A,G:G,A:A,C:C,A:G,G:G,C:C,A:A,T:C,C:C,T:C,C:C,G:G,G:G,No Call,T:C,A:G,C:C,T:T,A:A,G:G,No Call,A:A,G:G,A:A,C:C,C:C,T:T,G:G,No Call,T:T,G:G,G:G,A:A,C:C,T:T,A:A,T:T,T:T,G:G,T:T,A:A,C:C,G:G,T:T,T:T,G:G,G:G,A:A,C:T,C:C,T:T
27,2240-94321,C:C,T:T,G:G,G:G,T:T,G:G,G:A,T:T,A:A,C:C,A:A,T:T,C:C,C:C,T:T,A:A,G:G,G:A,G:G,T:T,A:C,T:T,A:A,G:G,T:T,G:G,C:C,T:T,C:C,C:C,G:G,C:C,C:C,T:T,C:C,T:T,A:A,C:C,T:T,G:G,C:C,A:C,C:T,T:T,A:A,G:A,G:G,C:C,A:A,G:G,C:C,A:T,C:C,C:C,T:C,C:C,G:G,G:G,C:C,C:C,A:G,C:C,T:T,A:T,G:G,A:G,A:A,G:G,G:A,C:C,C:C,T:C,G:A,A:C,T:T,G:A,G:G,A:A,C:G,C:T,A:A,T:T,A:A,G:G,T:C,A:A,C:C,G:G,T:T,C:T,A:A,A:A,A:A,C:C,C:C,C:T
28,2240-94306,C:C,T:T,G:G,G:G,C:T,G:G,A:A,T:T,A:A,C:C,A:A,T:T,C:C,C:C,T:C,A:A,G:G,G:A,G:G,C:T,C:C,T:T,A:A,C:C,T:T,A:G,C:C,T:T,C:C,C:T,G:G,C:C,C:C,T:T,C:C,T:T,G:G,C:C,T:T,G:A,C:C,C:C,C:C,T:T,G:A,A:A,G:G,C:C,A:A,G:G,C:C,A:A,T:C,C:T,T:C,C:C,G:G,G:G,C:C,T:C,A:G,C:C,T:T,A:T,G:G,A:A,A:A,G:G,No Call,C:C,C:C,T:C,No Call,A:C,T:T,G:A,G:G,A:A,C:C,C:T,A:A,T:T,T:T,G:A,T:C,A:A,C:C,G:G,T:T,C:C,G:G,No Call,A:A,C:T,T:C,T:T
29,2240-94308,C:C,C:T,G:G,G:G,C:C,G:A,G:G,T:T,A:G,C:C,A:A,T:T,C:C,C:T,T:C,G:A,G:G,G:A,G:G,C:T,C:C,T:T,A:G,C:C,C:C,A:G,C:C,T:T,C:C,C:T,G:G,C:C,C:T,T:C,C:C,T:T,G:A,C:C,T:T,G:A,C:C,C:C,C:C,T:A,A:A,G:A,G:A,C:C,A:A,G:G,C:C,A:A,C:C,C:T,T:T,G:G,G:A,G:G,C:C,C:C,A:G,C:C,T:T,T:T,G:G,A:G,A:A,G:G,G:G,C:C,T:C,T:C,No Call,A:C,T:T,G:A,G:G,A:A,C:C,T:T,G:A,C:T,T:A,G:G,T:T,A:A,C:C,G:G,T:T,T:T,A:A,A:A,A:A,C:C,C:C,C:C
30,2240-94318,C:C,C:C,G:G,G:G,C:T,G:G,G:G,T:T,A:A,C:C,A:A,T:T,C:C,C:C,T:T,A:A,G:G,G:A,G:G,T:T,A:C,T:T,A:A,C:C,T:T,A:G,C:C,T:T,C:C,C:T,G:G,T:C,C:T,T:C,C:C,T:T,G:A,C:C,T:T,G:G,C:C,C:C,C:C,T:T,G:A,G:G,G:G,C:C,A:G,G:G,C:C,A:T,C:C,C:C,T:T,G:G,G:G,G:G,C:C,T:C,A:A,C:C,T:T,A:T,G:G,A:A,A:A,G:G,G:G,C:C,T:C,C:C,G:G,A:A,T:T,A:A,G:G,A:A,C:C,T:T,A:A,T:T,T:T,No Call,C:C,A:A,C:C,G:G,T:C,T:T,G:G,G:G,A:G,No Call,T:C,T:T
31,2240-94322,Invalid,Invalid,Invalid,Invalid,Invalid,Invalid,Invalid,Invalid,Invalid,Invalid,Invalid,Invalid,Invalid,Invalid,Invalid,Invalid,Invalid,Invalid,Invalid,Invalid,Invalid,Invalid,Invalid,Invalid,Invalid,Invalid,Invalid,Invalid,Invalid,Invalid,Invalid,Invalid,Invalid,Invalid,Invalid,Invalid,Invalid,Invalid,Invalid,Invalid,Invalid,Invalid,Invalid,Invalid,Invalid,Invalid,Invalid,Invalid,Invalid,Invalid,Invalid,Invalid,Invalid,Invalid,Invalid,Invalid,Invalid,Invalid,Invalid,Invalid,Invalid,Invalid,Invalid,Invalid,Invalid,Invalid,Invalid,Invalid,Invalid,Invalid,Invalid,Invalid,Invalid,Invalid,Invalid,Invalid,Invalid,Invalid,Invalid,Invalid,Invalid,Invalid,Invalid,Invalid,Invalid,Invalid,Invalid,Invalid,Invalid,Invalid,Invalid,Invalid,Invalid,Invalid,Invalid,Invalid
32,2240-94323,C:A,No Call,G:G,A:A,T:T,G:G,No Call,T:T,A:A,C:C,No Call,T:T,C:T,C:C,T:T,A:A,G:G,A:A,G:G,No Call,C:C,T:T,A:A,C:C,No Call,G:G,C:C,T:T,C:C,C:T,G:G,C:C,C:C,T:C,C:C,T:T,G:G,C:T,T:T,G:G,C:C,C:C,C:C,T:A,G:A,G:A,G:A,C:C,A:G,G:G,C:C,A:A,C:C,C:C,T:C,No Call,G:G,No Call,C:C,T:C,A:G,C:C,T:T,No Call,G:G,A:A,A:A,G:G,No Call,C:C,T:C,No Call,No Call,No Call,T:T,G:G,G:G,A:A,C:C,C:T,A:A,No Call,T:A,A:A,No Call,A:A,C:T,G:G,T:T,No Call,G:G,No Call,G:G,T:T,No Call,No Call
33,2240-94324,C:A,C:T,G:G,No Call,C:T,G:G,G:G,C:C,A:A,No Call,A:A,T:T,C:T,No Call,T:T,G:A,A:A,G:G,G:G,T:T,C:C,T:C,A:A,C:G,T:C,A:G,T:C,T:T,C:C,C:C,G:G,T:T,C:T,T:T,C:C,T:T,G:G,C:T,T:T,G:G,C:C,No Call,C:C,T:T,A:A,G:A,A:A,C:C,No Call,G:G,C:T,A:T,T:C,C:C,T:C,C:C,G:A,G:G,C:T,T:T,A:G,C:C,T:T,No Call,G:A,A:A,A:A,G:G,No Call,T:C,No Call,C:C,G:G,A:A,C:C,No Call,G:G,A:A,C:C,C:C,A:A,C:T,T:A,G:G,C:C,A:A,C:T,G:G,T:T,No Call,A:G,A:A,A:A,C:T,C:C,No Call
34,2240-94325,C:C,No Call,G:G,G:G,T:T,G:G,G:G,T:T,A:A,C:C,A:A,T:T,C:C,C:C,C:C,A:A,G:G,G:G,G:G,T:T,A:C,T:C,A:A,C:C,T:T,A:A,C:C,T:T,C:C,C:T,G:G,T:C,C:T,T:T,C:C,T:C,G:G,C:T,T:T,G:G,C:C,C:C,C:C,T:T,A:A,G:G,G:G,C:C,A:G,G:G,C:C,A:A,T:T,C:T,T:T,G:G,G:G,G:G,C:C,T:T,G:G,C:C,T:T,A:A,G:G,A:A,A:A,G:G,G:G,C:C,C:C,C:C,No Call,A:C,T:C,G:G,G:G,A:A,C:C,T:T,A:A,T:T,T:T,G:G,T:C,A:A,C:C,G:G,T:T,C:T,G:G,No Call,G:G,C:T,C:C,C:T
35,2150-26564,C:A,No Call,G:G,A:A,C:T,G:G,G:G,T:T,A:A,C:C,A:A,T:T,C:C,C:C,C:C,A:A,G:G,G:A,G:G,C:T,A:A,T:C,A:A,C:C,T:T,A:G,C:C,T:T,C:C,C:T,G:G,T:C,T:T,T:C,C:C,T:C,G:G,C:C,T:T,G:A,C:A,C:C,C:C,A:A,A:A,A:A,G:A,C:C,A:A,G:G,C:C,A:A,C:C,C:C,T:T,G:G,G:G,G:G,C:C,T:C,A:G,C:C,T:T,T:T,G:G,A:G,A:A,G:G,G:A,T:C,C:C,T:T,G:A,A:C,T:C,A:A,G:G,A:A,C:C,T:T,G:A,C:T,T:T,G:G,T:T,A:A,C:C,G:G,T:T,C:T,G:G,A:A,A:A,T:T,C:C,C:T
36,2240-94326,C:C,No Call,G:G,G:G,C:C,G:G,G:A,T:T,A:A,A:C,No Call,T:T,C:C,C:C,C:C,G:G,A:A,G:A,G:G,T:T,C:C,T:C,A:A,C:C,T:T,G:G,C:C,T:T,C:C,C:T,G:G,T:C,C:C,T:C,C:C,T:T,G:G,T:T,T:T,G:G,C:A,A:C,C:C,T:A,A:A,A:A,G:G,C:C,A:A,G:G,C:C,A:T,C:C,C:C,T:T,C:C,G:A,G:G,C:T,T:T,G:G,C:C,T:T,A:T,G:G,A:G,A:A,G:G,G:G,C:C,C:C,C:C,No Call,A:C,T:T,G:A,G:G,A:A,C:C,T:T,G:A,T:T,A:A,G:A,T:T,G:G,C:C,G:G,T:T,C:T,A:A,No Call,A:A,C:C,C:C,C:T
37,2240-04327,C:C,T:T,G:G,A:G,C:T,G:G,G:A,T:T,A:A,A:C,A:A,C:C,C:C,C:C,T:T,A:A,A:G,G:A,G:G,T:T,C:C,C:C,A:A,C:C,T:T,A:A,C:C,T:T,C:C,C:T,G:G,T:C,C:C,T:T,C:C,T:T,G:A,C:C,T:T,G:G,C:A,A:C,C:C,T:T,A:A,G:A,G:A,C:C,A:A,G:T,C:C,A:T,C:C,C:C,T:T,G:G,G:G,G:A,C:C,C:C,A:G,C:C,T:T,T:T,G:G,A:A,A:A,G:G,G:A,C:C,C:C,C:C,G:A,A:C,T:T,A:A,G:G,A:A,C:C,C:T,A:A,T:T,T:A,G:A,T:C,A:G,C:T,G:G,C:C,T:T,G:G,A:A,A:A,C:C,C:C,C:C
38,2240-04328,C:C,C:C,G:G,A:G,C:T,G:A,A:A,T:C,A:A,C:C,A:A,T:T,C:C,C:C,T:T,G:A,A:A,G:G,G:A,C:T,A:C,T:T,A:A,C:C,C:C,A:G,C:C,T:T,C:C,C:C,G:G,T:C,C:C,T:T,C:C,T:T,G:G,C:C,T:T,G:A,C:C,C:C,C:C,T:A,G:A,G:G,G:G,C:C,A:A,G:G,C:C,A:A,C:C,C:C,T:C,G:G,G:A,G:G,C:C,T:C,G:G,C:C,T:T,A:T,G:G,A:G,A:A,G:G,A:A,C:C,C:C,C:C,A:A,A:C,T:T,G:A,G:G,A:A,C:C,T:T,G:A,T:T,T:A,G:G,T:C,A:A,C:C,G:G,T:C,T:T,G:G,No Call,G:G,C:T,C:C,C:C
39,2240-94329,C:C,T:T,G:G,G:G,C:T,G:A,G:A,T:T,A:A,C:C,A:A,T:T,C:C,C:C,T:C,G:A,A:G,G:A,G:G,T:T,A:C,T:C,A:A,C:C,T:T,A:G,C:C,T:T,C:C,C:C,G:G,T:C,C:C,T:T,C:C,T:T,G:A,C:C,T:T,G:G,C:A,C:C,C:C,T:A,A:A,G:A,G:A,C:C,A:A,G:G,C:C,A:A,C:C,C:C,T:T,C:C,G:G,G:A,C:C,T:T,A:A,C:C,T:T,A:T,G:G,G:G,A:A,G:G,G:A,T:C,C:C,T:T,G:A,A:A,T:C,G:A,G:G,A:A,C:C,C:T,G:A,C:T,A:A,G:G,T:C,G:G,C:C,G:G,T:T,C:T,A:A,A:G,G:G,T:T,C:C,C:C
40,2240-94330,C:C,C:T,G:G,No Call,No Call,G:G,G:G,T:T,A:A,No Call,A:A,T:T,C:T,No Call,T:T,A:A,G:G,G:G,G:G,C:T,C:C,T:T,A:A,G:G,T:T,No Call,T:C,T:T,C:C,C:C,G:G,C:C,C:C,No Call,C:T,T:T,A:A,C:C,T:T,G:A,C:C,C:C,C:C,T:T,A:A,G:A,G:G,C:C,A:A,G:G,C:T,T:T,C:C,C:C,T:C,C:C,G:A,G:G,C:T,C:C,G:G,C:C,T:T,A:T,G:A,A:A,A:A,G:G,G:G,C:C,No Call,C:C,G:G,A:A,T:C,No Call,G:G,A:A,C:C,T:T,G:G,C:T,T:A,A:A,No Call,A:A,C:T,G:G,T:T,No Call,G:G,No Call,G:G,C:C,No Call,No Call
41,2240-94313,C:C,T:T,G:G,A:G,C:T,G:G,G:A,T:T,A:G,C:C,A:A,T:C,C:C,C:C,C:C,A:A,G:G,G:G,G:A,C:C,A:A,T:T,A:A,C:G,T:T,G:G,C:C,T:T,C:C,C:T,G:G,T:T,T:T,T:T,C:C,T:C,G:G,C:T,T:T,G:A,C:C,C:C,C:T,T:A,G:A,G:G,G:G,C:C,A:A,G:G,C:C,A:T,C:C,C:C,T:T,C:C,G:A,G:G,C:C,T:T,A:A,C:C,T:T,A:T,G:G,A:A,A:A,G:G,G:A,C:C,C:C,T:T,G:G,C:C,T:C,G:A,G:G,A:A,C:C,T:T,A:A,T:T,A:A,G:A,T:C,A:A,C:T,G:G,T:T,T:T,G:G,G:G,A:A,C:C,C:C,C:T
42,2240-94381,C:C,C:T,G:G,G:G,C:C,G:G,A:A,T:C,A:G,C:C,A:A,T:C,C:C,C:C,T:C,A:A,G:G,G:A,G:G,T:T,C:C,T:T,A:G,C:C,C:C,G:G,C:C,T:T,C:C,C:C,G:G,C:C,C:C,T:T,C:C,T:C,G:A,C:C,T:T,G:G,C:C,C:C,C:T,T:T,A:A,G:A,G:A,C:C,A:A,G:G,C:C,A:T,C:C,C:C,T:C,C:C,G:G,G:G,T:T,T:T,A:G,C:C,T:T,A:T,G:G,A:G,A:A,G:G,G:A,C:C,T:T,T:T,G:A,C:C,T:C,A:A,G:A,A:A,C:G,C:T,A:A,T:T,T:T,G:G,T:T,A:A,C:T,G:G,T:T,C:T,G:G,G:G,G:G,C:T,C:C,C:C
43,2240-94387,C:C,C:T,G:G,A:G,C:C,G:G,G:A,T:C,A:A,C:C,A:A,T:T,C:C,C:C,T:T,A:A,A:A,G:A,G:G,C:T,A:A,T:C,A:A,C:C,C:C,A:G,C:C,T:T,C:C,C:T,A:A,T:C,C:C,T:T,C:C,T:C,G:A,C:C,T:T,A:A,C:C,C:C,C:C,T:A,A:A,G:A,G:G,C:C,A:A,G:G,C:C,A:T,T:C,C:C,T:T,C:C,G:G,G:G,C:C,T:C,A:G,C:T,T:T,A:T,G:G,A:A,A:A,G:G,G:G,C:C,T:C,T:T,G:A,A:A,T:C,G:A,G:G,A:A,C:C,T:T,A:A,T:T,T:A,G:G,T:C,A:A,C:C,G:G,T:C,C:T,G:G,G:G,A:A,C:C,C:C,C:C
44,2240-94388,C:A,No Call,G:G,A:G,No Call,G:G,No Call,T:T,A:G,C:C,No Call,T:T,C:C,C:C,T:T,G:A,G:G,G:A,G:G,No Call,C:C,T:C,A:A,C:C,T:T,A:G,C:C,T:T,C:C,C:T,G:G,T:T,C:C,T:T,C:C,T:C,A:A,C:C,T:T,G:G,C:C,C:C,C:C,T:A,A:A,A:A,G:A,C:C,A:A,G:T,C:C,A:T,T:C,C:C,T:T,C:C,G:G,No Call,C:C,T:T,G:G,C:C,T:T,No Call,G:G,A:A,A:A,G:G,No Call,C:C,C:C,No Call,No Call,No Call,C:C,No Call,G:G,A:A,C:C,C:T,A:A,No Call,T:A,A:A,No Call,A:A,C:T,G:G,T:C,No Call,G:G,No Call,A:G,C:C,No Call,No Call
45,2240-94391,C:C,C:C,G:G,A:G,C:T,G:G,G:G,T:T,A:A,C:C,A:A,T:T,C:C,C:C,T:C,G:A,A:G,G:G,G:G,T:T,A:C,T:C,A:A,C:C,T:T,A:G,C:C,T:T,C:C,C:C,G:G,C:C,C:T,T:T,C:C,T:T,G:A,C:C,T:T,G:G,C:C,C:C,C:C,T:A,G:A,G:A,G:G,C:C,A:A,G:G,C:C,A:A,C:C,C:C,T:T,C:C,G:G,G:G,C:C,C:C,A:A,C:C,T:T,A:T,G:G,A:A,A:A,G:G,G:G,C:C,T:C,T:C,G:G,A:C,C:C,A:A,G:G,A:A,C:C,T:T,A:A,T:T,T:A,G:A,T:T,A:A,C:C,G:A,T:T,C:T,A:A,A:A,G:G,C:T,C:C,T:T
46,2240-94392,C:C,T:T,G:G,A:G,C:T,G:A,G:G,T:T,A:A,C:C,A:A,T:T,C:C,C:C,C:C,A:A,G:G,G:G,G:G,C:T,A:C,T:T,A:A,C:C,T:T,A:A,C:C,T:T,C:C,C:C,G:G,T:C,C:C,T:T,C:C,T:T,A:A,C:T,T:T,G:A,C:C,C:C,C:C,T:T,A:A,G:A,G:G,C:C,A:A,G:G,C:C,A:T,C:C,C:C,T:C,G:G,G:G,G:A,T:T,T:T,A:G,C:C,T:T,A:T,G:G,G:G,A:A,G:G,G:G,C:C,T:C,T:C,G:G,A:A,T:C,G:A,G:G,A:A,C:C,C:T,A:A,T:T,A:A,G:A,T:T,A:A,C:C,G:A,T:C,C:T,A:G,G:G,A:A,C:C,C:C,C:T
47,2330-94329,C:C,T:T,G:G,G:G,C:T,G:A,G:A,T:T,A:A,C:C,A:A,T:T,C:C,C:C,T:C,G:A,A:G,G:A,G:G,T:T,A:C,T:C,A:A,C:G,T:T,A:G,C:C,T:T,C:C,C:C,G:G,T:C,C:C,T:T,C:C,T:T,G:A,C:C,T:T,G:G,C:A,C:C,C:C,T:A,A:A,G:A,G:A,C:C,A:A,G:G,C:C,A:A,C:C,C:C,T:T,C:C,G:G,G:A,C:C,T:T,A:A,C:C,T:T,A:T,G:G,G:G,A:A,G:G,G:A,T:C,C:C,T:T,G:A,A:A,T:C,G:A,G:G,A:A,C:C,C:T,G:A,C:T,A:A,G:G,T:C,A:G,C:C,G:G,T:T,C:T,A:A,G:G,G:G,T:T,C:C,C:C
48,2330-99124,C:C,T:T,G:G,G:G,C:C,G:G,G:A,T:C,A:A,A:C,A:A,T:T,C:C,C:C,T:T,A:A,A:G,G:G,G:G,C:T,C:C,T:C,A:A,C:C,T:T,G:G,C:C,T:T,C:C,C:T,G:G,C:C,C:T,C:C,C:C,T:T,G:A,C:C,T:T,G:A,C:A,C:C,C:C,T:A,A:A,G:A,G:A,C:C,A:A,G:G,C:C,A:T,C:C,C:C,T:T,C:C,G:G,G:G,C:C,C:C,A:A,C:C,T:T,A:T,G:G,A:A,A:A,G:G,G:A,C:C,C:C,C:C,G:A,A:C,T:T,G:A,G:G,A:A,C:C,T:T,A:A,T:T,A:A,G:G,T:C,A:A,C:C,G:G,T:C,C:C,G:G,A:A,G:G,C:T,T:T,C:C
49,2330-99723,Invalid,Invalid,Invalid,Invalid,Invalid,Invalid,Invalid,Invalid,Invalid,Invalid,Invalid,Invalid,Invalid,Invalid,Invalid,Invalid,Invalid,Invalid,Invalid,Invalid,Invalid,Invalid,Invalid,Invalid,Invalid,Invalid,Invalid,Invalid,Invalid,Invalid,Invalid,Invalid,Invalid,Invalid,Invalid,Invalid,Invalid,Invalid,Invalid,Invalid,Invalid,Invalid,Invalid,Invalid,Invalid,Invalid,Invalid,Invalid,Invalid,Invalid,Invalid,Invalid,Invalid,Invalid,Invalid,Invalid,Invalid,Invalid,Invalid,Invalid,Invalid,Invalid,Invalid,Invalid,Invalid,Invalid,Invalid,Invalid,Invalid,Invalid,Invalid,Invalid,Invalid,Invalid,Invalid,Invalid,Invalid,Invalid,Invalid,Invalid,Invalid,Invalid,Invalid,Invalid,Invalid,Invalid,Invalid,Invalid,Invalid,Invalid,Invalid,Invalid,Invalid,Invalid,Invalid,Invalid
50,2330-99725,C:C,C:C,G:G,A:A,C:T,G:G,G:G,T:T,A:G,C:C,A:A,T:T,C:C,C:C,T:C,A:A,G:G,G:G,G:G,C:T,A:C,T:T,A:A,C:C,C:C,A:A,C:C,T:T,C:C,C:C,G:G,C:C,C:C,T:T,C:C,T:C,G:A,C:C,T:T,G:A,C:C,C:C,C:C,T:T,A:A,G:G,A:A,C:C,A:A,T:T,C:C,A:A,C:C,C:C,T:T,C:C,G:A,G:A,C:C,T:C,G:G,C:C,T:T,A:T,G:G,A:A,A:A,G:G,G:G,C:C,T:C,C:C,G:A,A:A,T:T,G:A,G:G,A:A,C:C,T:T,G:A,T:T,A:A,G:A,T:T,A:A,C:C,G:A,T:C,C:C,A:A,G:G,A:A,C:T,C:C,C:T
51,2330-99726,C:C,C:T,G:G,A:G,C:T,G:G,G:A,T:T,A:G,A:C,A:A,T:T,C:C,C:C,T:C,A:A,A:G,G:G,G:G,C:T,C:C,T:T,A:A,C:C,T:C,A:A,C:C,T:C,C:C,C:T,G:G,T:T,C:C,T:C,C:C,T:T,G:G,C:T,T:T,G:G,C:A,C:C,C:T,T:T,A:A,G:A,G:A,C:C,A:G,G:G,C:C,A:A,C:C,C:C,T:T,C:C,G:G,G:G,C:C,C:C,A:G,C:C,T:T,A:A,G:G,A:G,A:A,G:G,G:A,T:C,C:C,T:T,G:A,A:A,T:C,G:A,G:A,A:A,C:C,T:T,G:A,C:T,A:A,G:A,T:C,A:A,C:C,G:A,C:C,T:T,A:G,A:A,A:G,C:T,C:C,T:T
52,2330-99738,C:C,T:T,G:G,G:G,C:T,G:G,G:A,C:C,A:A,C:C,A:A,T:T,C:C,C:C,T:C,G:A,A:G,G:G,G:G,C:T,C:C,T:T,A:A,C:G,T:C,A:G,C:C,T:T,C:C,C:C,G:G,T:T,C:C,T:T,C:C,T:T,A:A,C:C,T:T,G:A,C:A,C:C,C:C,T:A,A:A,G:A,G:G,C:C,A:A,G:G,C:C,A:T,T:C,C:C,T:C,C:C,G:G,G:A,T:T,T:T,G:G,C:C,T:T,A:A,G:G,A:G,A:A,G:G,G:G,C:C,T:C,C:C,G:A,A:C,T:T,G:G,G:G,A:A,C:C,T:T,A:A,T:T,T:A,G:G,T:T,A:G,C:C,G:G,T:T,C:T,A:A,G:G,A:A,C:T,C:C,C:C
53,2330-99739,C:C,T:T,G:G,A:G,C:T,G:A,G:G,T:T,A:A,C:C,G:G,T:T,C:T,C:C,T:T,A:A,G:G,G:G,G:G,C:T,C:C,T:T,A:A,C:G,T:T,A:G,C:C,T:T,C:C,T:T,G:G,T:T,C:T,T:T,C:C,T:C,G:G,C:C,T:T,G:G,C:A,C:C,C:C,A:A,A:A,G:A,G:G,C:C,A:A,G:G,C:C,A:T,T:C,C:C,T:T,C:C,G:G,No Call,No Call,T:T,A:G,T:T,T:T,A:T,G:G,G:G,A:A,G:A,A:A,C:C,C:C,T:T,G:G,A:A,T:T,A:A,G:G,A:A,C:C,T:T,A:A,T:T,T:A,G:G,C:C,A:A,C:C,G:A,T:T,C:T,G:G,A:A,G:G,No Call,C:C,T:T
54,2330-99740,C:C,C:T,G:G,A:A,C:C,G:G,G:A,T:T,A:G,C:C,A:A,C:C,C:C,C:C,T:T,A:A,A:G,A:A,G:G,T:T,A:C,T:C,A:A,C:C,T:T,A:G,C:C,T:T,C:C,C:C,G:G,C:C,C:C,T:T,C:C,C:C,G:A,C:T,T:T,G:A,C:C,A:C,C:C,T:A,A:A,A:A,G:G,C:C,A:G,G:T,C:C,A:T,T:T,C:C,T:T,G:G,G:G,G:G,C:C,C:C,A:G,C:C,T:T,T:T,G:G,A:G,A:A,G:G,G:G,C:C,C:C,T:C,G:A,A:C,T:T,G:A,G:G,A:A,C:C,T:T,G:A,T:T,T:A,G:G,T:T,A:A,C:C,G:G,T:T,C:T,G:G,A:G,G:G,T:T,C:C,C:T
55,2330-99741,C:C,C:C,G:G,G:G,T:T,G:G,G:A,T:T,G:G,C:C,G:G,T:T,C:C,C:C,T:T,G:A,G:G,G:G,G:G,C:T,C:C,C:C,A:A,C:G,T:T,A:G,C:C,T:T,C:C,T:T,G:G,T:T,T:T,T:T,C:C,T:T,G:A,C:T,T:T,G:G,C:C,C:C,C:C,T:A,A:A,G:A,G:G,C:C,A:A,G:G,C:C,T:T,C:C,C:C,T:T,C:C,G:G,G:G,C:C,T:T,G:G,C:C,T:T,A:T,G:G,A:A,A:A,G:G,G:G,C:C,T:C,T:C,A:A,A:A,T:C,G:G,G:G,A:A,C:C,T:T,A:A,T:T,T:A,G:G,T:T,A:A,C:C,G:G,T:C,T:T,G:G,G:G,A:A,C:C,C:C,T:T
56,2330-99742,A:A,C:T,G:G,A:A,C:T,G:G,G:A,T:T,A:G,C:C,A:A,T:T,C:C,C:C,T:C,G:A,G:G,G:A,G:G,C:C,C:C,T:C,A:A,C:C,T:T,A:G,C:C,T:T,C:C,C:C,G:G,T:T,C:C,C:C,C:C,T:T,G:A,C:T,T:T,G:G,C:C,C:C,C:C,T:T,G:A,G:A,G:G,C:C,A:G,G:G,C:C,A:A,C:C,C:C,T:T,C:C,G:G,G:G,C:C,T:C,G:G,C:C,T:T,A:T,G:G,A:G,A:A,G:G,G:G,C:C,T:C,C:C,G:A,A:C,T:T,G:G,G:G,A:A,C:C,C:T,A:A,T:T,T:A,G:A,T:T,A:A,C:C,G:G,T:T,C:T,G:G,G:G,G:G,C:C,C:C,C:T
57,2330-99743,C:A,C:C,G:G,A:G,C:T,G:G,G:G,T:T,A:G,C:C,A:A,T:T,C:C,C:C,C:C,G:A,G:G,G:G,G:G,C:T,C:C,T:T,A:A,C:G,T:T,G:G,C:C,T:T,C:C,C:T,G:G,T:C,C:C,T:C,C:C,T:T,A:A,C:T,T:T,G:A,C:C,C:C,C:C,T:T,A:A,A:A,G:G,C:C,A:A,G:G,C:C,A:A,T:C,T:T,T:C,C:C,G:G,G:G,C:C,T:C,A:A,C:C,T:T,A:T,G:G,A:A,A:A,G:G,G:A,T:C,T:C,C:C,G:A,A:C,T:C,G:G,G:G,A:A,C:C,T:T,G:A,C:T,T:A,No Call,T:T,A:A,C:C,G:G,C:C,C:C,G:G,G:G,A:A,T:T,C:C,C:C
58,2330-99744,C:C,C:C,G:G,G:G,C:T,G:G,G:A,T:T,A:A,C:C,G:G,T:C,C:C,C:C,T:T,A:A,A:G,G:G,G:G,T:T,C:C,C:C,A:A,C:G,T:T,A:G,C:C,T:T,C:C,C:C,G:G,T:C,C:C,T:C,C:T,T:C,G:A,C:T,C:T,G:A,C:C,A:C,C:C,T:T,G:A,A:A,G:G,C:C,A:A,G:G,C:C,A:T,C:C,C:T,T:T,C:C,G:A,G:G,C:C,T:C,A:A,C:C,T:T,A:A,G:G,A:A,A:A,G:G,G:G,C:C,T:C,T:T,G:G,A:A,T:T,G:A,G:G,A:A,C:C,C:T,A:A,T:T,T:T,G:A,T:C,A:G,C:C,G:G,T:C,C:T,A:A,G:G,A:A,C:C,C:C,T:T
59,2330-99745,C:C,C:T,G:G,A:G,C:T,G:G,G:A,T:T,A:A,C:C,A:A,C:C,C:C,C:C,T:C,G:A,G:G,G:A,G:G,C:T,C:C,T:T,A:A,C:C,T:T,A:G,C:C,T:T,C:C,C:C,G:G,T:C,C:T,C:C,C:T,T:T,A:A,C:C,T:T,G:G,C:C,C:C,C:C,T:A,A:A,G:G,G:A,C:C,A:A,G:G,C:C,A:T,C:C,C:T,T:T,C:C,G:A,G:G,C:C,T:C,G:G,C:C,T:T,A:A,G:G,G:G,A:A,G:G,G:G,C:C,T:C,T:C,G:A,C:C,T:T,G:G,A:A,A:A,C:C,C:T,A:A,T:T,T:A,G:A,T:T,A:A,C:C,G:G,T:T,C:T,G:G,A:G,A:A,C:T,C:C,C:T
60,2330-99752,C:A,C:C,G:G,A:A,C:C,G:A,G:A,T:T,A:G,A:C,A:A,T:T,C:C,C:C,T:T,G:A,G:G,G:A,G:G,T:T,A:C,T:T,A:G,C:C,T:C,A:G,C:C,T:T,C:C,C:C,G:G,T:C,C:C,T:T,C:T,T:C,G:G,C:T,T:T,G:G,C:C,C:C,C:C,T:A,A:A,G:A,G:A,C:C,A:G,G:G,C:C,A:T,C:C,C:C,T:T,C:C,G:G,G:G,C:T,T:T,A:G,C:C,T:T,A:T,G:G,A:G,A:A,G:G,A:A,C:C,T:C,C:C,G:G,A:A,T:T,G:A,G:G,A:A,C:C,C:T,A:A,T:T,T:A,G:A,T:C,A:A,C:C,G:G,T:T,C:C,G:G,A:A,A:G,C:C,T:C,T:T
61,2330-99753,C:C,C:C,G:G,A:G,C:C,G:A,A:A,T:T,A:G,C:C,A:A,T:T,C:T,C:C,T:C,G:A,G:G,G:G,G:G,T:T,C:C,T:T,A:G,C:C,T:C,A:G,C:C,T:T,C:C,C:C,G:G,T:C,C:C,T:T,C:C,T:T,G:A,C:T,T:T,G:G,C:C,C:C,C:T,T:A,A:A,G:A,G:G,C:C,A:A,G:G,C:C,T:T,T:T,C:C,T:T,C:C,G:A,G:G,C:C,T:T,G:G,C:C,T:T,A:A,G:G,A:A,A:G,G:G,G:A,C:C,C:C,T:C,G:A,A:C,T:C,G:A,G:G,A:A,C:G,T:T,A:A,T:T,T:A,G:G,T:T,A:A,C:C,G:G,T:T,T:T,A:G,A:G,A:G,C:T,C:C,C:T
62,2330-99754,C:C,C:T,G:G,A:G,C:T,G:G,G:A,T:T,A:G,C:C,A:A,T:C,C:C,C:C,T:T,G:A,G:G,G:G,G:G,T:T,A:C,T:C,A:A,C:C,C:C,G:G,C:C,T:T,C:C,C:C,G:G,T:C,C:C,T:T,C:C,T:T,G:G,T:T,T:T,G:G,C:A,C:C,C:C,T:T,A:A,G:A,G:A,C:C,A:G,G:G,C:C,A:T,C:C,C:T,T:T,G:G,G:G,G:G,C:C,T:C,A:A,C:C,T:T,T:T,G:G,No Call,A:A,G:G,G:A,C:C,T:C,T:T,G:G,A:C,C:C,G:G,G:G,A:A,C:C,C:T,A:A,T:T,T:A,G:G,T:C,A:A,C:T,G:G,T:T,C:C,G:G,A:G,A:A,C:C,C:C,T:T
63,2330-99755,C:C,C:C,G:G,A:A,C:C,G:G,G:A,T:T,A:A,C:C,A:A,T:T,C:C,C:T,T:T,A:A,A:G,G:A,G:G,T:T,A:C,T:T,A:A,C:G,T:C,A:G,C:C,T:T,C:C,C:C,G:G,T:C,C:C,C:C,C:T,T:T,G:G,C:T,T:T,G:G,C:C,A:C,C:C,T:A,A:A,G:G,G:A,C:C,A:A,G:G,C:C,A:A,C:C,C:C,T:T,C:C,G:G,G:G,C:C,T:T,G:G,C:C,T:T,A:T,G:G,A:A,A:A,G:G,G:G,C:C,C:C,T:T,G:A,A:C,T:C,G:G,G:G,A:C,C:C,T:T,A:A,T:T,T:T,G:G,C:C,A:A,C:C,G:G,T:C,C:C,G:G,A:G,A:A,T:T,C:C,C:T
64,2330-99756,C:C,C:T,G:G,A:G,C:C,G:A,G:G,T:C,A:A,C:C,A:A,T:T,C:C,C:C,T:C,G:G,A:G,G:G,G:A,C:T,A:A,T:C,A:A,C:G,T:C,A:A,C:C,T:T,C:C,T:T,G:G,T:T,C:C,T:T,C:C,T:C,A:A,C:T,T:T,G:G,C:A,C:C,C:C,T:T,A:A,G:A,G:G,C:C,A:G,G:T,C:C,A:A,C:C,C:T,T:T,C:C,G:G,G:G,C:C,C:C,A:G,C:C,T:T,A:T,G:G,A:A,A:G,G:G,G:G,C:C,T:C,T:C,A:A,C:C,T:T,G:A,G:G,A:A,C:G,C:T,A:A,T:T,T:A,G:A,T:T,A:A,C:C,G:G,T:C,C:T,G:G,A:A,G:G,T:T,C:C,C:T
65,2330-99757,C:C,C:T,G:G,A:A,C:C,G:G,G:G,T:T,A:G,C:C,A:A,T:C,C:C,C:C,T:C,G:A,A:G,G:A,G:A,C:T,C:C,T:T,A:A,C:G,T:T,G:G,C:C,T:T,C:C,C:C,G:G,T:C,C:T,T:C,C:C,T:T,G:A,C:C,T:T,G:G,C:C,C:C,C:T,T:T,G:A,G:A,G:A,C:C,A:A,G:G,C:C,T:T,T:C,C:C,T:C,C:C,G:G,G:G,C:C,T:C,A:G,C:C,T:T,A:T,G:G,A:A,A:A,G:G,G:G,C:C,C:C,T:T,G:A,A:C,T:T,G:G,G:G,A:A,C:G,T:T,A:A,T:T,T:A,G:G,T:T,A:A,C:C,G:G,T:T,C:T,A:G,G:G,A:G,T:T,C:C,T:T
66,2330-99758,C:C,C:T,G:G,A:A,T:T,G:G,G:A,T:T,A:A,C:C,A:A,T:T,C:C,C:C,T:T,G:A,G:G,G:A,G:G,T:T,C:C,C:C,A:A,C:G,T:C,A:G,C:C,T:T,C:C,C:C,G:G,T:C,C:C,T:T,C:T,T:T,G:G,C:C,T:T,G:G,C:C,C:C,C:C,T:T,A:A,G:G,G:G,C:C,A:A,G:T,C:C,A:A,C:C,C:C,T:T,C:C,G:G,G:G,C:C,T:C,G:G,C:C,T:T,A:A,G:G,A:G,A:A,G:G,G:G,C:C,T:C,T:C,G:A,A:C,T:C,G:G,G:G,A:A,C:C,C:T,A:A,T:T,T:A,G:G,T:T,A:A,C:C,G:G,T:C,C:T,G:G,A:G,A:A,C:T,T:C,C:T
67,2330-99759,C:C,C:T,G:G,A:G,C:C,G:G,G:A,T:T,A:A,C:C,A:A,T:T,C:C,C:C,C:C,A:A,G:G,G:A,G:G,C:T,A:C,T:T,A:G,C:C,T:T,A:G,C:C,T:T,C:C,C:C,G:G,T:C,C:T,T:T,C:T,T:T,G:A,C:C,T:T,G:A,C:C,A:A,C:C,A:A,A:A,G:G,G:A,C:C,A:A,G:G,C:C,A:T,T:C,C:T,T:T,C:C,G:G,G:G,C:C,T:C,A:G,C:C,T:T,A:T,G:G,A:A,A:A,G:G,G:A,C:C,T:C,T:T,G:A,A:C,T:C,A:A,G:G,A:A,C:C,T:T,A:A,T:T,A:A,G:G,T:T,A:A,C:T,G:G,T:C,T:T,G:G,G:G,A:G,No Call,C:C,C:C
68,2330-99760,C:C,T:T,G:G,A:G,C:T,G:G,A:A,T:T,G:G,C:C,A:A,T:T,C:C,C:C,T:C,G:A,A:G,G:G,G:G,C:C,C:C,T:T,A:A,C:C,No Call,A:A,C:C,T:T,C:C,C:T,G:G,T:C,C:C,C:C,C:C,T:C,G:G,C:C,T:T,G:G,C:C,C:C,C:C,T:T,G:G,G:G,G:G,C:C,A:A,G:G,C:C,A:T,T:T,C:C,T:T,G:G,G:G,G:G,C:C,C:C,G:G,C:C,T:T,A:A,G:G,A:A,A:A,G:G,G:G,T:C,T:C,T:C,G:A,A:C,T:T,A:A,G:G,A:A,C:C,T:T,G:G,C:T,A:A,G:G,T:T,A:A,C:C,G:G,T:C,T:T,G:G,G:G,G:G,T:T,C:C,C:T
69,2330-99794,C:C,C:C,G:G,A:A,T:T,G:G,G:G,T:T,A:A,A:C,A:A,T:T,C:T,C:C,T:T,G:A,G:G,G:A,G:G,T:T,C:C,C:C,A:A,C:G,T:T,A:A,C:C,T:T,C:C,C:C,G:G,C:C,C:C,C:C,C:C,T:C,G:A,C:C,T:T,G:G,C:C,C:C,C:C,T:A,G:G,G:A,G:G,C:C,A:G,G:G,C:C,A:A,C:C,C:C,T:T,C:C,G:G,G:G,C:C,C:C,G:G,C:C,T:T,A:T,G:G,A:A,A:A,G:G,G:G,C:C,C:C,T:T,G:A,C:C,T:C,G:G,G:G,A:A,C:C,T:T,A:A,T:T,T:A,G:G,T:T,A:A,C:C,G:G,T:C,T:T,G:G,A:A,A:A,C:T,C:C,C:T
70,2330-99795,C:A,C:C,G:G,G:G,C:T,G:G,G:G,T:T,A:A,C:C,A:A,T:T,C:C,C:C,T:T,A:A,A:G,G:G,G:G,T:T,C:C,T:T,A:A,C:C,T:T,A:G,C:C,T:T,C:C,C:C,G:G,T:C,C:C,T:T,C:T,T:T,G:A,C:T,T:T,G:G,C:C,A:C,C:C,T:T,A:A,G:G,G:A,C:C,A:A,G:T,C:C,A:T,C:C,C:T,T:T,C:C,G:A,G:G,C:C,T:T,A:A,C:C,T:T,T:T,G:G,A:A,A:A,G:G,A:A,C:C,T:C,T:C,G:G,A:C,T:T,A:A,G:G,A:A,C:C,T:T,A:A,T:T,A:A,G:G,T:T,A:A,C:C,G:G,T:C,C:C,G:G,A:A,A:G,C:C,T:C,C:C
71,2330-99796,C:A,T:T,G:G,A:G,C:T,G:G,G:A,T:T,A:A,C:C,A:A,T:C,C:C,C:C,T:T,G:A,A:G,G:A,G:G,T:T,A:C,T:T,A:A,C:C,T:T,A:G,C:C,T:T,C:C,C:C,G:G,C:C,C:C,T:T,C:C,T:T,G:G,C:C,T:T,G:G,C:C,A:C,C:C,T:A,A:A,G:A,G:G,C:C,A:A,G:G,C:C,A:T,T:C,C:C,T:T,C:C,G:A,G:G,C:C,T:T,A:A,C:C,T:T,A:T,G:G,A:G,A:A,G:G,G:A,C:C,T:C,T:C,G:G,C:C,T:C,A:A,G:G,A:A,C:C,C:T,A:A,T:T,T:A,G:A,T:T,A:A,C:C,G:G,T:T,C:T,G:G,G:G,A:G,C:C,C:C,C:T
72,2330-99797,C:C,C:C,G:G,A:G,C:T,G:A,G:A,T:T,A:G,C:C,A:A,T:C,C:C,C:C,T:T,G:A,G:G,G:G,G:G,T:T,A:C,T:T,A:A,C:C,T:T,A:G,C:C,T:T,C:C,C:T,G:G,C:C,C:C,T:T,C:C,T:C,G:G,C:T,T:T,G:G,C:C,A:C,C:C,T:T,A:A,G:A,G:G,C:C,A:A,G:G,C:C,A:T,C:C,C:C,T:T,C:C,G:G,G:G,C:C,T:T,G:G,C:C,T:T,A:T,G:G,G:G,A:A,G:G,G:A,C:C,T:C,T:C,G:A,A:A,T:T,G:A,G:G,A:A,C:C,C:T,A:A,T:T,T:A,G:A,T:T,A:A,C:T,G:G,T:T,C:T,A:G,G:G,A:A,C:T,T:C,C:T
73,2410-67720,C:C,C:T,G:G,A:G,C:T,G:G,G:G,T:T,A:A,C:C,A:A,T:T,C:C,C:C,T:T,G:A,A:G,G:G,G:G,C:T,A:A,T:T,A:A,G:G,T:T,A:A,C:C,T:T,C:C,C:T,G:G,T:C,C:T,T:T,C:T,T:C,G:A,C:C,T:T,G:A,C:C,C:C,C:C,A:A,G:A,G:G,G:G,C:C,A:A,G:G,C:C,A:T,T:C,C:C,T:T,C:C,G:G,G:A,C:C,T:T,A:A,C:T,T:T,A:A,G:G,A:G,A:A,G:G,G:G,C:C,T:C,T:C,G:A,A:A,T:T,G:G,G:G,A:A,C:C,C:T,A:A,T:T,T:A,G:G,T:C,A:G,C:C,G:A,T:T,C:C,A:G,A:A,A:A,C:T,C:C,C:T
74,2410-67721,C:A,C:C,G:G,G:G,C:C,G:G,G:A,T:T,A:A,C:C,A:A,T:T,C:C,C:C,T:C,A:A,A:A,G:G,G:G,C:T,C:C,C:C,A:A,C:C,T:T,A:A,C:C,T:T,C:C,C:C,G:G,C:C,C:C,T:T,C:C,T:T,G:G,C:T,T:T,G:G,C:C,A:C,C:C,T:A,A:A,G:A,G:G,C:C,A:A,G:T,C:C,A:T,C:C,C:C,T:T,C:C,G:G,G:G,C:C,C:C,G:G,C:C,T:T,T:T,G:G,A:G,A:A,G:G,G:G,C:C,T:C,T:T,A:A,A:A,T:T,G:A,G:G,A:A,C:C,C:T,A:A,T:T,T:A,G:G,T:T,A:A,C:C,G:G,T:T,C:T,G:G,G:G,G:G,T:T,T:C,T:T
75,2410-67722,C:C,C:T,G:G,A:G,C:C,G:G,G:G,T:T,A:A,C:C,A:A,T:T,C:C,C:C,T:T,G:A,A:A,G:G,G:G,T:T,A:C,T:C,A:A,C:G,T:C,A:G,C:C,T:T,C:C,T:T,G:G,C:C,C:T,C:C,C:C,T:T,A:A,T:T,T:T,G:A,C:C,A:C,C:C,T:T,G:A,A:A,G:G,C:C,A:A,G:G,C:C,A:A,C:C,C:C,T:T,C:C,G:A,G:G,No Call,C:C,G:G,C:C,T:T,T:T,G:G,A:A,A:A,G:G,G:G,C:C,C:C,T:T,G:A,C:C,T:C,G:A,G:G,A:A,C:C,T:T,G:A,T:T,A:A,G:A,T:C,A:A,C:C,G:G,T:T,C:T,A:G,A:G,G:G,T:T,C:C,C:T
76,2410-67723,A:A,C:T,G:G,A:A,T:T,G:G,G:G,T:T,A:G,C:C,A:A,T:C,C:C,C:T,T:T,G:A,G:G,G:G,G:A,T:T,A:C,T:T,A:G,C:C,T:T,A:A,C:C,T:T,C:C,C:C,G:G,T:C,C:C,T:T,C:C,T:T,G:G,C:T,T:T,G:G,C:A,A:C,C:C,A:A,A:A,A:A,G:G,C:C,A:A,G:T,C:C,A:A,C:C,C:C,T:T,C:C,G:G,G:G,C:C,T:C,A:G,C:C,T:T,T:T,G:G,A:G,A:A,G:G,G:A,C:C,T:C,T:T,G:G,A:C,T:T,G:G,G:G,A:A,C:C,T:T,A:A,T:T,T:T,G:A,T:C,A:A,C:C,G:G,T:C,C:T,G:G,G:G,A:A,C:T,C:C,T:T
77,2410-67735,C:C,C:C,G:G,G:G,C:T,G:G,G:A,T:C,A:A,A:C,A:A,T:C,C:C,C:C,T:C,G:A,G:G,G:G,G:G,T:T,A:C,T:T,A:A,C:C,T:C,A:G,C:C,T:T,C:C,C:C,G:G,T:T,T:T,T:C,C:T,T:C,A:A,C:T,T:T,G:G,C:C,C:C,C:C,T:T,A:A,A:A,G:A,C:C,A:A,G:G,C:C,A:T,C:C,C:C,T:T,C:C,G:G,G:G,C:C,T:C,A:G,C:C,T:T,A:T,G:G,A:G,A:A,G:G,G:G,C:C,C:C,T:C,G:A,C:C,T:C,A:A,G:A,A:A,C:C,T:T,A:A,T:T,T:A,G:G,T:C,A:A,C:C,G:G,T:T,T:T,G:G,A:A,A:G,T:T,C:C,C:T
78,2410-67737,C:C,T:T,G:G,G:G,T:T,G:G,G:G,T:T,A:G,C:C,A:A,T:T,C:C,C:T,T:T,A:A,A:G,G:A,G:G,C:T,A:C,T:C,A:A,C:C,T:T,G:G,C:C,T:T,C:T,C:C,G:G,C:C,C:T,T:T,C:C,T:T,G:A,T:T,T:T,A:A,C:C,A:C,C:C,T:A,A:A,G:A,G:A,C:C,A:A,G:G,C:C,A:A,C:C,C:C,T:T,C:C,G:G,G:G,C:T,T:T,A:G,C:C,T:T,T:T,G:G,A:A,A:A,G:G,G:G,C:C,C:C,T:T,G:G,A:C,T:C,G:A,G:G,A:A,C:C,T:T,A:A,T:T,T:T,G:A,T:C,A:A,C:C,G:G,T:T,C:T,G:G,G:G,A:A,C:T,C:C,T:T
79,2410-67740,C:C,C:T,G:G,A:G,C:C,G:G,A:A,T:T,A:A,C:C,A:G,C:C,C:C,C:C,T:T,G:A,A:G,G:A,G:G,C:C,C:C,T:T,A:G,C:G,T:T,A:G,C:C,T:T,C:C,C:C,G:G,T:C,C:C,T:T,C:C,T:T,G:G,T:T,T:T,G:G,C:C,C:C,C:C,T:T,A:A,G:G,G:G,C:C,A:A,G:G,C:C,A:T,C:C,C:C,T:T,C:C,G:A,G:A,C:C,T:T,A:A,C:C,T:T,T:T,G:G,A:A,A:A,G:G,G:G,C:C,T:C,T:C,G:G,A:A,T:T,G:A,G:G,A:A,C:C,T:T,A:A,T:T,T:T,G:G,T:C,A:A,C:T,G:G,T:T,C:T,G:G,G:G,A:A,T:T,C:C,C:T
80,2410-67741,C:C,C:C,G:G,G:G,C:T,G:A,G:G,T:C,A:A,A:C,A:A,T:T,C:C,C:C,T:C,A:A,G:G,G:G,G:G,T:T,A:C,T:T,A:A,C:C,T:T,A:A,C:C,T:T,C:C,C:T,G:G,T:C,C:C,T:C,C:C,C:C,G:A,C:C,T:T,G:G,C:C,C:C,C:C,T:T,A:A,G:A,G:G,C:C,A:A,G:T,C:C,A:A,C:C,C:C,T:T,C:C,G:A,G:G,C:C,T:T,A:A,C:C,T:T,A:T,G:G,A:A,A:A,G:G,G:G,C:C,C:C,T:T,G:G,C:C,T:C,G:G,G:G,A:A,C:C,T:T,A:A,T:T,T:T,G:A,T:C,A:A,C:T,G:G,T:C,C:T,G:G,A:A,A:G,C:C,T:C,C:C
81,2330-99790,C:A,C:C,G:G,A:G,C:C,G:G,A:A,T:C,A:A,C:C,A:A,T:T,C:C,C:C,T:T,G:A,G:G,G:G,G:G,C:T,C:C,C:C,A:A,C:G,T:T,A:A,C:C,T:T,C:C,C:T,G:G,T:C,C:T,T:C,C:C,T:C,G:A,C:T,T:T,G:G,C:C,A:C,C:C,T:A,A:A,G:A,G:G,C:C,A:A,G:G,C:C,A:A,C:C,C:C,T:T,C:C,G:G,G:G,C:C,T:T,G:G,C:C,T:T,A:A,G:G,A:G,A:A,G:G,G:A,C:C,T:C,C:C,G:G,A:C,T:C,G:G,G:G,A:A,C:C,C:T,A:A,T:T,T:A,G:G,T:C,A:A,C:C,G:A,T:T,C:T,G:G,G:G,A:A,C:T,T:C,C:C
82,2330-99791,Invalid,Invalid,Invalid,Invalid,Invalid,Invalid,Invalid,Invalid,Invalid,Invalid,Invalid,Invalid,Invalid,Invalid,Invalid,Invalid,Invalid,Invalid,Invalid,Invalid,Invalid,Invalid,Invalid,Invalid,Invalid,Invalid,Invalid,Invalid,Invalid,Invalid,Invalid,Invalid,Invalid,Invalid,Invalid,Invalid,Invalid,Invalid,Invalid,Invalid,Invalid,Invalid,Invalid,Invalid,Invalid,Invalid,Invalid,Invalid,Invalid,Invalid,Invalid,Invalid,Invalid,Invalid,Invalid,Invalid,Invalid,Invalid,Invalid,Invalid,Invalid,Invalid,Invalid,Invalid,Invalid,Invalid,Invalid,Invalid,Invalid,Invalid,Invalid,Invalid,Invalid,Invalid,Invalid,Invalid,Invalid,Invalid,Invalid,Invalid,Invalid,Invalid,Invalid,Invalid,Invalid,Invalid,Invalid,Invalid,Invalid,Invalid,Invalid,Invalid,Invalid,Invalid,Invalid,Invalid
83,2330-99792,C:C,C:C,G:G,A:G,C:T,G:G,G:G,T:T,A:A,A:C,A:A,T:T,C:C,C:C,T:C,A:A,A:G,G:A,G:G,C:T,C:C,T:C,A:G,C:C,T:C,A:A,C:C,T:T,C:C,C:C,G:G,T:T,C:C,T:T,C:T,T:T,G:G,C:T,C:T,G:A,C:C,C:C,C:C,A:A,A:A,G:A,G:A,C:C,A:G,G:G,C:C,A:A,C:C,C:T,T:T,C:C,G:G,G:G,C:T,T:C,A:G,C:C,T:T,A:A,G:G,A:A,A:A,G:G,A:A,C:C,C:C,C:C,G:A,A:C,T:T,A:A,G:G,A:A,C:C,T:T,A:A,T:T,T:A,G:A,T:T,A:A,C:C,G:G,T:T,C:T,G:G,G:G,A:A,T:T,C:C,C:T
84,2410-67712,C:C,C:T,G:G,A:A,C:T,G:G,G:G,T:C,A:G,C:C,A:A,T:T,C:C,C:C,T:C,A:A,G:G,G:G,G:G,T:T,A:C,T:T,A:A,C:G,T:T,A:G,C:C,T:T,C:C,C:T,G:G,T:C,C:C,T:C,C:T,T:T,G:G,T:T,T:T,G:G,C:C,A:C,C:C,T:A,A:A,G:G,A:A,C:C,A:A,G:G,C:C,A:A,T:C,C:C,T:T,C:C,G:G,G:G,C:T,C:C,A:G,C:C,T:T,T:T,G:G,A:G,A:A,G:G,G:G,C:C,C:C,T:C,G:A,A:A,T:T,G:A,G:G,A:A,C:C,T:T,A:A,T:T,T:T,G:G,T:T,A:A,C:C,G:G,T:T,C:T,G:G,A:A,A:G,T:T,C:C,C:T
85,2410-67744,C:C,C:C,G:G,A:G,C:C,G:G,G:A,T:T,G:G,C:C,A:A,T:T,C:C,C:C,T:T,A:A,G:G,G:G,G:G,C:C,A:A,T:T,A:A,C:G,C:C,A:G,C:C,T:T,C:C,C:C,G:G,C:C,C:C,C:C,C:C,T:C,A:A,C:C,T:T,G:A,C:C,C:C,C:C,T:A,A:A,G:G,G:G,C:C,A:A,G:G,C:C,A:T,C:C,C:C,T:C,C:C,G:G,G:G,T:T,T:C,G:G,C:C,T:T,A:T,G:G,A:A,A:A,G:G,G:A,C:C,T:C,T:T,G:A,C:C,T:C,G:A,A:A,A:A,C:C,T:T,A:A,T:T,T:A,G:G,T:T,A:A,C:C,G:G,T:T,C:T,G:G,A:A,A:A,C:T,C:C,C:C
86,2410-67745,C:C,C:T,G:G,A:G,C:T,G:G,G:G,T:T,A:A,A:C,A:A,T:T,C:C,C:C,T:T,G:A,A:A,G:G,G:A,T:T,C:C,T:T,A:G,C:G,C:C,A:G,C:C,T:T,C:C,C:C,G:G,T:C,T:T,T:T,C:C,T:C,G:G,C:C,T:T,G:A,C:C,C:C,C:C,T:T,A:A,G:G,G:A,C:C,A:A,G:G,C:C,A:T,C:C,C:C,T:T,G:G,A:A,G:A,C:C,T:C,A:A,C:C,T:T,T:T,G:G,A:A,A:A,G:G,G:G,C:C,C:C,T:T,G:A,A:C,T:C,G:A,G:G,A:A,C:C,T:T,A:A,T:T,T:A,G:G,T:C,A:G,C:C,G:G,T:C,T:T,A:G,G:G,A:A,C:T,C:C,T:T
87,2410-67746,C:C,C:T,G:G,A:G,C:C,G:G,G:G,T:T,A:A,C:C,A:A,T:T,C:C,C:C,T:T,G:G,G:G,G:G,G:G,C:T,A:C,T:C,A:A,G:G,T:T,A:A,T:T,T:T,C:C,C:T,G:G,C:C,C:T,C:C,C:C,T:T,G:A,C:C,T:T,G:A,C:C,C:C,C:C,T:A,A:A,G:A,G:A,C:C,A:A,G:G,C:C,A:T,C:C,C:C,T:T,C:C,G:G,G:A,C:T,T:C,G:G,C:C,T:T,A:T,G:G,A:A,A:A,G:G,G:A,C:C,C:C,C:C,G:A,C:C,T:C,A:A,G:G,A:A,C:C,T:T,A:A,T:T,T:A,G:G,T:T,A:A,C:C,G:G,T:T,C:T,G:G,A:A,A:G,No Call,C:C,C:C
88,2410-67747,C:C,C:T,G:G,A:G,C:C,G:G,G:G,T:T,A:G,C:C,G:G,T:T,C:C,C:C,T:T,A:A,A:A,G:G,G:G,C:T,A:C,T:T,A:A,C:C,T:C,A:G,C:C,T:T,C:C,C:C,G:G,T:C,C:C,T:T,C:C,T:T,G:A,C:T,T:T,G:A,C:C,C:C,C:T,T:A,A:A,A:A,G:G,C:C,A:G,G:G,C:C,A:T,C:C,C:C,T:C,C:C,G:A,G:G,C:C,T:C,A:G,C:C,T:T,A:T,G:G,A:G,A:A,G:G,G:G,C:C,T:C,T:C,G:G,A:A,T:C,A:A,G:A,A:C,C:C,C:T,G:A,T:T,T:A,G:G,T:C,A:G,C:C,G:G,T:T,C:C,A:A,A:A,G:G,C:T,C:C,C:T
89,2410-67748,C:C,C:T,G:G,G:G,C:C,G:G,G:A,C:C,A:A,C:C,A:A,T:T,C:C,C:C,T:C,A:A,G:G,G:G,G:G,C:C,A:C,T:T,A:A,C:C,T:T,A:G,C:C,T:T,C:C,C:C,G:G,T:C,C:C,T:T,C:C,T:C,A:A,C:C,T:T,G:G,C:C,C:C,C:C,T:A,G:A,G:A,G:A,C:C,A:A,G:G,C:C,A:T,C:C,C:T,T:T,C:C,G:G,G:G,No Call,T:C,A:G,C:C,T:T,A:T,G:G,A:A,A:A,G:A,G:G,T:C,T:T,T:C,G:A,A:C,T:T,A:A,G:G,A:A,C:C,T:T,A:A,C:T,T:A,A:A,T:T,A:A,C:C,G:G,T:C,C:T,G:G,G:G,A:A,C:T,C:C,C:T
90,2410-67749,C:C,C:C,G:G,G:G,C:C,G:G,G:G,T:T,A:G,C:C,A:A,T:T,C:C,C:C,T:C,A:A,A:A,G:A,G:G,C:T,C:C,T:C,A:A,C:C,C:C,A:G,C:C,T:T,C:C,C:T,G:G,C:C,T:T,T:T,C:C,T:T,G:G,C:T,T:T,G:A,C:C,A:C,C:C,A:A,G:A,G:A,G:A,C:C,A:A,G:G,C:C,A:T,C:C,C:C,T:T,C:C,G:G,G:G,C:C,T:T,A:G,C:C,T:T,A:A,G:G,A:G,A:A,G:G,G:G,T:C,C:C,T:C,A:A,A:C,T:T,G:A,G:G,A:A,C:C,C:T,G:A,C:T,A:A,A:A,T:C,A:A,C:T,G:G,T:T,C:T,G:G,G:G,A:A,C:T,C:C,C:T
91,2410-67794,C:C,No Call,G:G,A:G,C:T,G:A,G:A,T:T,A:A,C:C,A:A,C:C,C:C,C:C,T:C,G:A,G:G,G:G,G:G,T:T,C:C,T:C,A:A,G:G,T:T,A:G,C:C,T:T,C:C,C:T,G:G,C:C,C:C,T:T,C:C,T:T,G:A,C:C,T:T,G:A,C:C,C:C,C:C,T:T,A:A,G:A,G:G,C:C,A:A,G:G,C:C,T:T,T:C,C:C,T:T,G:G,G:G,G:G,C:C,T:C,A:G,C:C,T:T,A:T,G:G,G:G,A:A,G:G,G:A,C:C,T:C,T:C,No Call,C:C,T:T,G:A,G:G,A:A,C:C,T:T,A:A,T:T,T:A,G:A,T:T,A:A,C:C,G:G,T:T,C:T,G:G,G:G,G:G,C:T,C:C,C:C
92,2410-67795,C:C,No Call,G:G,A:A,C:T,G:G,G:A,T:T,A:A,C:C,A:A,T:T,C:C,No Call,T:C,G:G,A:G,G:G,G:G,T:T,A:A,T:T,A:A,C:G,T:T,A:G,C:C,T:T,C:C,C:T,G:G,T:T,C:C,T:C,C:C,T:T,G:A,T:T,T:T,G:G,C:C,A:C,C:C,T:T,G:A,G:A,G:A,C:C,A:G,G:G,C:C,A:T,C:C,C:C,T:T,C:C,G:G,No Call,C:C,T:C,G:G,C:C,T:T,A:A,G:G,A:A,A:A,G:G,G:A,C:C,C:C,T:C,No Call,A:C,T:C,G:A,G:G,A:A,C:C,T:T,A:A,T:T,T:A,G:G,No Call,A:A,C:T,G:G,T:T,T:T,G:G,A:A,A:G,T:T,C:C,C:T
93,2410-67796,C:C,No Call,G:G,G:G,C:C,G:G,G:G,T:T,A:A,C:C,A:A,T:T,C:C,C:C,T:C,A:A,A:A,G:A,G:G,C:T,A:C,T:C,A:A,C:G,C:C,A:A,C:C,T:T,C:C,T:T,G:G,T:T,C:T,T:T,C:C,T:T,G:G,C:T,T:T,G:G,C:A,C:C,C:C,T:T,A:A,G:G,G:A,C:C,A:G,G:G,C:C,A:A,C:C,C:C,T:T,C:C,G:A,G:G,C:C,T:C,G:G,C:C,T:T,T:T,G:G,A:G,A:A,G:G,G:G,C:C,C:C,T:T,No Call,C:C,T:T,A:A,G:G,A:C,C:C,C:T,G:A,T:T,A:A,A:A,No Call,A:A,C:T,G:A,T:C,C:T,A:G,G:G,G:G,T:T,T:T,C:T
94,2410-67797,A:A,No Call,G:G,A:G,C:C,G:G,G:G,T:T,A:A,C:C,A:A,T:T,C:C,C:C,T:T,G:A,A:G,G:G,G:G,T:T,A:C,T:T,A:G,G:G,T:C,G:G,C:C,T:T,C:C,C:C,G:G,T:C,T:T,T:T,C:C,T:C,G:G,C:C,T:T,G:G,C:C,C:C,C:C,T:T,A:A,G:A,G:G,C:C,A:G,G:T,C:C,A:A,T:C,C:C,T:C,C:C,G:G,G:G,C:C,T:T,G:G,C:C,T:T,T:T,G:G,A:A,A:A,G:G,G:G,T:C,C:C,T:T,G:A,A:C,T:T,G:A,G:G,A:A,C:C,T:T,A:A,C:T,T:A,G:G,T:T,A:A,C:C,G:G,T:T,C:C,G:G,G:G,G:G,C:C,C:C,C:T
95,NTC,NTC,NTC,NTC,NTC,NTC,NTC,NTC,NTC,NTC,NTC,NTC,NTC,NTC,NTC,NTC,NTC,NTC,NTC,NTC,NTC,NTC,NTC,NTC,NTC,NTC,NTC,NTC,NTC,NTC,NTC,NTC,NTC,NTC,NTC,NTC,NTC,NTC,NTC,NTC,NTC,NTC,NTC,NTC,NTC,NTC,NTC,NTC,NTC,NTC,NTC,NTC,NTC,NTC,NTC,NTC,NTC,NTC,NTC,NTC,NTC,NTC,NTC,NTC,NTC,NTC,NTC,NTC,NTC,NTC,NTC,NTC,NTC,NTC,NTC,NTC,NTC,NTC,NTC,NTC,NTC,NTC,NTC,NTC,NTC,NTC,NTC,NTC,NTC,NTC,NTC,NTC,NTC,NTC,NTC,NTC,NTC
96,NTC,NTC,NTC,NTC,NTC,NTC,NTC,NTC,NTC,NTC,NTC,NTC,NTC,NTC,NTC,NTC,NTC,NTC,NTC,NTC,NTC,NTC,NTC,NTC,NTC,NTC,NTC,NTC,NTC,NTC,NTC,NTC,NTC,NTC,NTC,NTC,NTC,NTC,NTC,NTC,NTC,NTC,NTC,NTC,NTC,NTC,NTC,NTC,NTC,NTC,NTC,NTC,NTC,NTC,NTC,NTC,NTC,NTC,NTC,NTC,NTC,NTC,NTC,NTC,NTC,NTC,NTC,NTC,NTC,NTC,NTC,NTC,NTC,NTC,NTC,NTC,NTC,NTC,NTC,NTC,NTC,NTC,NTC,NTC,NTC,NTC,NTC,NTC,NTC,NTC,NTC,NTC,NTC,NTC,NTC,NTC,NTC
